,Company,TypeName,Ram,Weight,Price,TouchScreen,Ips,Ppi,Cpu_brand,HDD,SSD,Gpu_brand,Os,ScreenSize
0,Apple,Ultrabook,8,1.37,11.17575455,0,1,226.9830047,Intel Core i5,0,128,Intel,Mac,310.9667164
1,Apple,Ultrabook,8,1.34,10.77677732,0,0,127.6779401,Intel Core i5,0,0,Intel,Mac,171.0884398
2,HP,Notebook,8,1.86,10.32993107,0,0,141.2119981,Intel Core i5,0,256,Intel,Others,262.6543164
3,Apple,Ultrabook,16,1.83,11.81447594,0,1,220.5346239,Intel Core i7,0,512,AMD,Mac,403.5783617
4,Apple,Ultrabook,8,1.37,11.47310097,0,1,226.9830047,Intel Core i5,0,256,Intel,Mac,310.9667164
5,Acer,Notebook,4,2.1,9.967025573,0,0,100.4546699,AMD Processor,500,0,AMD,Windows,210.9548067
6,Apple,Ultrabook,16,2.04,11.64410812,0,1,220.5346239,Intel Core i7,0,0,Intel,Mac,449.8906327
7,Apple,Ultrabook,8,1.34,11.03061499,0,0,127.6779401,Intel Core i5,0,0,Intel,Mac,171.0884398
8,Asus,Ultrabook,16,1.3,11.28544251,0,0,157.3505121,Intel Core i7,0,512,Nvidia,Windows,204.5556658
9,Acer,Ultrabook,8,1.6,10.62195154,0,1,157.3505121,Intel Core i5,0,256,Intel,Windows,251.7608194
10,HP,Notebook,4,1.86,9.951658096,0,0,100.4546699,Intel Core i5,500,0,Intel,Others,186.8456859
11,HP,Notebook,4,1.86,9.819076457,0,0,141.2119981,Intel Core i3,500,0,Intel,Others,262.6543164
12,Apple,Ultrabook,16,1.83,11.77530205,0,1,220.5346239,Intel Core i7,0,256,AMD,Mac,403.5783617
13,Dell,Notebook,4,2.2,10.1879667,0,0,141.2119981,Intel Core i3,0,256,AMD,Windows,310.6663958
14,Apple,Ultrabook,8,0.92,11.11633098,0,1,226.4155472,Other Intel Processor,0,256,Intel,Mac,208.3023034
15,Apple,Ultrabook,8,1.37,11.30107224,0,1,226.9830047,Intel Core i5,0,256,Intel,Mac,310.9667164
16,Dell,Notebook,8,2.2,10.58894524,0,0,141.2119981,Intel Core i7,0,256,AMD,Windows,310.6663958
17,Apple,Ultrabook,16,1.83,11.93343838,0,1,220.5346239,Intel Core i7,0,512,AMD,Mac,403.5783617
18,Lenovo,Notebook,8,2.2,10.18816712,0,0,141.2119981,Intel Core i3,1000,0,Nvidia,Others,310.6663958
19,Dell,Ultrabook,8,1.22,10.86209267,1,1,165.6321181,Intel Core i5,0,128,Intel,Windows,202.071184
20,Asus,Netbook,2,0.98,9.232535429,0,0,135.0942112,Other Intel Processor,0,0,Intel,Windows,132.392327
21,Lenovo,Gaming,8,2.5,10.8823158,0,1,141.2119981,Intel Core i5,1000,128,Nvidia,Windows,353.0299952
22,HP,Notebook,4,1.86,9.528520611,0,0,100.4546699,AMD Processor,500,0,AMD,Others,186.8456859
23,Dell,2 in 1 Convertible,8,1.62,10.68364511,1,0,165.6321181,Intel Core i5,0,256,Intel,Windows,268.3240312
24,HP,Ultrabook,8,1.91,10.46628456,0,0,141.2119981,Intel Core i7,0,256,Intel,Windows,269.7149163
25,Dell,Notebook,4,2.3,10.01257239,0,0,100.4546699,Intel Core i3,1000,0,Intel,Windows,231.0457407
26,Apple,Ultrabook,8,1.35,10.97771698,0,0,127.6779401,Intel Core i5,0,0,Intel,Mac,172.3652192
27,Dell,Notebook,8,2.2,10.66017275,0,0,141.2119981,Intel Core i5,0,256,AMD,Windows,310.6663958
28,Dell,Ultrabook,8,1.88,11.14414092,0,0,141.2119981,Intel Core i7,0,512,Intel,Windows,265.4785564
29,HP,Notebook,8,2.5,10.77350144,0,0,127.3356746,Intel Core i5,1000,0,Nvidia,Windows,318.3391864
30,Chuwi,Notebook,4,1.89,9.47677842,0,0,141.2119981,Other Intel Processor,0,0,Intel,Windows,266.8906764
31,Asus,Notebook,2,1.65,9.268865851,0,0,111.9352036,AMD Processor,0,0,AMD,Windows,184.6930859
32,HP,Notebook,4,2.71,10.06006044,0,0,127.3356746,AMD Processor,500,0,AMD,Windows,345.0796781
33,Dell,Ultrabook,16,1.2,11.50871983,1,0,276.0535301,Intel Core i7,0,512,Intel,Windows,331.2642361
34,Apple,Ultrabook,8,1.35,10.8813143,0,0,127.6779401,Intel Core i5,0,0,Intel,Mac,172.3652192
35,Lenovo,Notebook,4,1.44,9.493013923,0,0,111.9352036,Other Intel Processor,0,0,Intel,Windows,161.1866931
36,Acer,Notebook,4,2.1,9.880922874,0,0,100.4546699,Intel Core i3,1000,0,Intel,Others,210.9548067
37,Dell,Notebook,8,2.8,10.86209267,0,1,127.3356746,Intel Core i5,1000,128,AMD,Windows,356.5398888
38,HP,Notebook,4,1.86,10.16728937,0,0,100.4546699,Intel Core i5,1000,0,Intel,Windows,186.8456859
39,HP,Notebook,8,2.1,10.75434592,0,0,141.2119981,Intel Core i5,0,256,Nvidia,Windows,296.545196
40,Asus,Notebook,4,2,9.93914037,0,0,141.2119981,Intel Core i3,1000,0,Intel,Others,282.4239962
41,Dell,Gaming,16,2.65,11.28811452,0,1,141.2119981,Intel Core i7,1000,256,Nvidia,Windows,374.2117949
42,Asus,Notebook,8,2.3,10.23512337,0,0,100.4546699,Intel Core i5,1000,0,Nvidia,Others,231.0457407
43,Acer,Notebook,4,2.2,10.50059068,0,1,141.2119981,Intel Core i5,0,256,Intel,Windows,310.6663958
44,Dell,2 in 1 Convertible,12,2.77,10.8823158,1,0,127.3356746,Intel Core i5,1000,0,Nvidia,Windows,352.7198186
45,Apple,Ultrabook,8,1.37,11.2332687,0,1,226.9830047,Intel Core i5,0,256,Intel,Mac,310.9667164
46,Lenovo,Notebook,4,2.2,9.88635767,0,0,100.4546699,Intel Core i3,0,128,Intel,Others,221.0002737
47,Asus,Gaming,8,3.2,11.14491104,0,0,127.3356746,AMD Processor,1000,256,AMD,Windows,407.4741586
48,Dell,Notebook,4,2.3,10.43546548,0,0,141.2119981,Intel Core i5,0,256,AMD,Windows,324.7875956
49,Asus,Notebook,4,2.8,10.11974666,0,0,90.58340172,Other Intel Processor,1000,0,Nvidia,Windows,253.6335248
50,Lenovo,2 in 1 Convertible,4,0.69,9.740752129,1,1,224.1738091,Other Intel Processor,0,0,Intel,Others,154.6799283
51,Acer,Notebook,8,2.2,10.71015269,0,1,141.2119981,Intel Core i7,0,256,Nvidia,Windows,310.6663958
52,HP,Notebook,4,1.86,9.96324343,0,0,141.2119981,AMD Processor,0,256,AMD,Windows,262.6543164
53,HP,Notebook,8,1.49,10.98135005,0,0,165.6321181,Intel Core i7,0,512,Intel,Windows,246.7918559
54,Acer,Notebook,4,2.4,9.926203579,0,0,100.4546699,Intel Core i3,1000,0,Intel,Windows,241.0912077
55,Dell,Notebook,8,2.13,10.61909031,0,0,141.2119981,Intel Core i7,0,256,AMD,Windows,300.7815559
56,HP,Notebook,4,1.91,10.06006044,0,0,141.2119981,Intel Core i3,0,128,Intel,Windows,269.7149163
57,Asus,Notebook,4,2,10.349205,0,0,100.4546699,Intel Core i5,0,256,Intel,Windows,200.9093397
58,MSI,Gaming,16,2.43,11.77899608,0,0,127.3356746,Intel Core i7,2000,256,Nvidia,Windows,309.4256892
59,Asus,Notebook,4,2,10.00383955,0,0,141.2119981,Intel Core i3,0,256,Intel,Others,282.4239962
60,Dell,Notebook,16,2.8,11.14491104,0,0,127.3356746,Intel Core i7,2000,256,AMD,Windows,356.5398888
61,Dell,Ultrabook,8,1.7,10.75434592,0,0,157.3505121,Intel Core i5,0,256,Intel,Windows,267.4958707
62,Lenovo,Notebook,8,1.7,10.37082262,0,1,157.3505121,Intel Core i3,0,256,Intel,Others,267.4958707
63,Asus,Notebook,8,1.4,10.82250417,0,0,157.3505121,Intel Core i5,0,256,Intel,Windows,220.290717
64,HP,Notebook,8,1.86,10.51225262,0,0,141.2119981,Intel Core i5,0,256,Intel,Windows,262.6543164
65,Asus,Ultrabook,16,1.8,11.56792715,0,0,141.2119981,Intel Core i7,0,512,Nvidia,Windows,254.1815965
66,HP,Notebook,4,1.86,10.05935404,0,0,100.4546699,Intel Core i3,500,0,AMD,Windows,186.8456859
67,HP,Notebook,4,1.44,9.40928303,0,0,111.9352036,Other Intel Processor,0,32,Intel,Windows,161.1866931
68,Lenovo,Notebook,4,1.9,10.28365947,0,0,141.2119981,Intel Core i5,1000,0,Intel,Windows,268.3027964
69,Asus,Gaming,12,3,10.83096982,0,0,127.3356746,Intel Core i7,1000,0,Nvidia,Others,382.0070237
70,Microsoft,Ultrabook,4,1.252,10.96857615,1,0,200.8425599,Intel Core i5,0,128,Intel,Windows,251.454885
71,Dell,Ultrabook,8,1.4,10.83727237,0,1,165.6321181,Intel Core i7,0,256,AMD,Windows,231.8849653
72,Dell,Notebook,8,2.2,10.74405424,0,0,141.2119981,Intel Core i7,0,256,AMD,Windows,310.6663958
73,MSI,Gaming,8,2.7,10.97407067,0,0,127.3356746,Intel Core i5,1000,128,Nvidia,Windows,343.8063213
74,Acer,Notebook,8,2.1,9.93914037,0,0,111.9352036,Intel Core i3,1000,0,Intel,Windows,235.0639275
75,Asus,Gaming,8,2.2,10.83096982,0,0,141.2119981,Intel Core i7,1000,0,Nvidia,Windows,310.6663958
76,Lenovo,Notebook,8,2.2,10.22746491,0,0,141.2119981,Intel Core i5,2000,0,Intel,Others,310.6663958
77,Dell,Notebook,8,2.02,10.7266625,0,0,141.2119981,Intel Core i7,1000,128,Intel,Windows,285.2482361
78,Acer,Notebook,4,2.2,10.24843803,0,0,141.2119981,Intel Core i3,1000,0,Nvidia,Windows,310.6663958
79,HP,Notebook,8,2.5,10.86004768,0,0,127.3356746,Intel Core i5,1000,128,Nvidia,Windows,318.3391864
80,Dell,Ultrabook,8,1.88,10.97512947,0,1,141.2119981,Intel Core i5,0,256,Intel,Windows,265.4785564
81,Apple,Ultrabook,8,0.92,11.29542596,0,1,226.4155472,Intel Core i5,0,512,Intel,Mac,208.3023034
82,HP,Notebook,8,1.63,10.73249342,0,0,157.3505121,Intel Core i5,0,256,Intel,Windows,256.4813348
83,Lenovo,Notebook,4,2.2,9.964522443,0,0,141.2119981,AMD Processor,0,128,AMD,Windows,310.6663958
84,Acer,Notebook,4,2.1,9.954446791,0,0,100.4546699,AMD Processor,1000,0,AMD,Windows,210.9548067
85,Dell,Gaming,16,2.65,11.18267988,0,1,141.2119981,Intel Core i7,1000,128,Nvidia,Windows,374.2117949
86,HP,Ultrabook,8,1.83,10.52521177,0,1,141.2119981,Intel Core i7,0,256,Nvidia,Windows,258.4179565
87,HP,Notebook,8,1.96,10.37080593,0,0,141.2119981,Intel Core i5,0,256,Intel,Windows,276.7755162
88,Asus,Gaming,16,2.2,11.25418997,0,1,141.2119981,Intel Core i7,1000,128,Nvidia,Windows,310.6663958
89,Dell,Ultrabook,8,1.21,11.38348535,0,1,165.6321181,Intel Core i7,0,256,Intel,Windows,200.4148628
90,Asus,Gaming,8,2.45,10.52521177,0,0,141.2119981,AMD Processor,1000,0,AMD,Windows,345.9693953
91,Acer,Notebook,8,2.2,10.5108023,0,0,141.2119981,Intel Core i7,1000,0,Nvidia,Windows,310.6663958
92,HP,Notebook,16,1.49,11.06313473,0,0,165.6321181,Intel Core i7,0,512,Intel,Windows,246.7918559
93,Dell,Gaming,8,2.65,11.06146249,0,0,141.2119981,Intel Core i5,0,256,Nvidia,Windows,374.2117949
94,Asus,Ultrabook,8,1.25,10.93115363,0,0,157.3505121,Intel Core i7,0,256,Intel,Windows,196.6881402
95,Acer,2 in 1 Convertible,8,1.5,10.71726172,1,1,165.6321181,Intel Core i5,0,256,Intel,Windows,248.4481771
96,Dell,Notebook,8,2.2,10.372324,0,0,141.2119981,Intel Core i7,1000,0,AMD,Others,310.6663958
97,Dell,Notebook,4,2.2,10.15970992,0,0,141.2119981,Intel Core i3,0,256,AMD,Others,310.6663958
98,Asus,Notebook,6,2,10.33340329,0,0,141.2119981,Intel Core i3,0,256,Nvidia,Windows,282.4239962
99,HP,Gaming,12,2.62,11.10565954,0,1,141.2119981,Intel Core i7,1000,128,Nvidia,Windows,369.975435
100,HP,Notebook,8,1.91,10.55342238,0,0,141.2119981,Intel Core i7,0,256,AMD,Windows,269.7149163
101,HP,Notebook,4,2.1,9.830632948,0,0,141.2119981,AMD Processor,500,0,AMD,Windows,296.545196
102,Dell,Notebook,8,2.2,10.44790732,0,0,141.2119981,Intel Core i5,1000,0,AMD,Others,310.6663958
103,HP,Ultrabook,8,1.38,10.99575173,0,1,165.6321181,Intel Core i7,0,256,Nvidia,Windows,228.5723229
104,Microsoft,Ultrabook,8,1.252,11.17598592,1,0,200.8425599,Intel Core i5,0,256,Intel,Windows,251.454885
105,HP,Notebook,6,1.58,10.46628456,0,1,157.3505121,Intel Core i5,0,256,Nvidia,Windows,248.6138092
106,Lenovo,Notebook,4,1.85,10.00359855,0,0,141.2119981,Intel Core i3,1000,0,Intel,Windows,261.2421965
107,Asus,Ultrabook,8,1.3,11.05978745,0,1,157.3505121,Intel Core i7,0,256,Nvidia,Windows,204.5556658
108,MSI,Gaming,16,2.2,11.14491104,0,0,141.2119981,Intel Core i7,1000,256,Nvidia,Windows,310.6663958
109,Lenovo,Notebook,8,1.58,11.27535839,0,1,157.3505121,Intel Core i7,0,256,Intel,Windows,248.6138092
110,Asus,Ultrabook,16,1.5,11.11601407,0,0,141.2119981,Intel Core i7,1000,256,Nvidia,Windows,211.8179971
111,Dell,Ultrabook,8,1.23,11.2046749,1,0,276.0535301,Intel Core i7,0,256,Intel,Windows,339.545842
112,Lenovo,2 in 1 Convertible,8,1.37,11.219074,1,1,165.6321181,Intel Core i5,0,256,Intel,Windows,226.9160017
113,HP,Notebook,4,1.63,10.55758617,0,1,111.9352036,Intel Core i5,500,0,Intel,Windows,182.4543818
114,Dell,Ultrabook,8,1.21,11.37128263,0,1,165.6321181,Intel Core i5,0,256,Intel,Windows,200.4148628
115,HP,2 in 1 Convertible,8,1.26,11.21906685,1,1,165.6321181,Intel Core i5,0,256,Intel,Windows,208.6964687
116,HP,Notebook,8,1.63,10.96397421,0,0,157.3505121,Intel Core i7,0,512,Intel,Windows,256.4813348
117,Dell,Notebook,8,2.16,11.00582593,0,1,141.2119981,Intel Core i7,1000,256,Nvidia,Windows,305.0179159
118,Asus,Notebook,4,2,10.31061528,0,0,127.3356746,Intel Core i3,1000,0,Nvidia,Windows,254.6713491
119,Asus,Notebook,8,1.7,10.99485768,0,0,141.2119981,Intel Core i7,0,256,Nvidia,Windows,240.0603967
120,Acer,Notebook,6,2.1,10.14726162,1,1,141.2119981,Intel Core i3,1000,0,Intel,Windows,296.545196
121,MSI,Gaming,16,1.8,11.69046159,0,0,141.2119981,Intel Core i7,2000,256,Nvidia,Windows,254.1815965
122,Lenovo,Notebook,8,2.2,10.41969228,0,0,141.2119981,Intel Core i5,0,256,Nvidia,Others,310.6663958
123,HP,Notebook,16,2.5,11.1231203,0,0,127.3356746,Intel Core i7,0,512,Nvidia,Windows,318.3391864
124,Acer,Notebook,4,2.1,10.08702837,0,0,100.4546699,AMD Processor,0,256,AMD,Windows,210.9548067
125,HP,Notebook,4,1.86,9.532389088,0,0,100.4546699,Other Intel Processor,500,0,Intel,Others,186.8456859
126,HP,Notebook,8,1.63,10.67506137,0,0,157.3505121,Intel Core i5,1000,0,Intel,Windows,256.4813348
127,Asus,Notebook,4,1.65,9.603146168,0,0,111.9352036,AMD Processor,0,64,AMD,Windows,184.6930859
128,Dell,Notebook,16,2.8,11.21692731,0,0,127.3356746,Intel Core i7,2000,256,AMD,Windows,356.5398888
129,HP,Notebook,8,2.5,10.80859276,0,0,127.3356746,Intel Core i5,0,256,Intel,Windows,318.3391864
130,Dell,Notebook,8,2.36,10.43544983,0,0,100.4546699,Intel Core i5,1000,0,AMD,Windows,237.0730209
131,Dell,Notebook,4,2.2,10.08258391,0,0,141.2119981,Intel Core i3,1000,0,AMD,Windows,310.6663958
132,Acer,Ultrabook,8,1.6,10.76001809,0,1,157.3505121,Intel Core i7,0,256,Intel,Windows,251.7608194
133,Acer,Notebook,4,2.2,10.32470002,0,0,141.2119981,Intel Core i3,0,256,Nvidia,Windows,310.6663958
134,HP,Notebook,8,2.05,10.36915178,0,0,100.4546699,Intel Core i7,1000,0,Intel,Windows,205.9320732
135,HP,Notebook,8,1.63,10.87124372,0,0,157.3505121,Intel Core i7,0,256,Intel,Windows,256.4813348
136,Lenovo,Notebook,4,1.9,9.506417666,0,0,100.4546699,Other Intel Processor,1000,0,Intel,Others,190.8638727
137,Asus,Gaming,8,3,10.81931098,0,0,127.3356746,Intel Core i5,1000,128,Nvidia,Windows,382.0070237
138,Lenovo,Notebook,4,2.2,10.18816712,0,0,141.2119981,Intel Core i5,1000,0,Nvidia,Others,310.6663958
139,HP,Notebook,4,1.32,10.52521177,0,1,165.6321181,Intel Core i5,0,256,Intel,Windows,218.6343958
140,Acer,Notebook,4,3,10.46019626,0,1,127.3356746,Intel Core i3,1000,0,Nvidia,Windows,382.0070237
141,Lenovo,Notebook,8,1.75,10.99308509,0,1,157.3505121,Intel Core i5,0,256,AMD,Windows,275.3633963
142,Lenovo,Gaming,8,2.4,10.74290415,0,1,141.2119981,Intel Core i7,0,256,Nvidia,Others,338.9087954
143,Toshiba,Notebook,4,2.1,10.37581847,0,0,100.4546699,Intel Core i5,500,0,Intel,Windows,210.9548067
144,HP,Notebook,4,1.86,9.88635767,0,0,100.4546699,AMD Processor,0,256,AMD,Windows,186.8456859
145,Asus,Ultrabook,8,1.25,10.97771698,0,0,157.3505121,Intel Core i7,0,256,Intel,Windows,196.6881402
146,HP,Ultrabook,8,0.97,11.5834391,1,1,352.4651472,Other Intel Processor,0,512,Intel,Windows,341.8911928
147,Asus,Notebook,4,2,9.816202684,0,0,141.2119981,Other Intel Processor,1000,0,Intel,Windows,282.4239962
148,MSI,Gaming,16,2.9,11.59085937,0,0,127.3356746,Intel Core i7,1000,256,Nvidia,Windows,369.2734563
149,Acer,Notebook,4,2.1,10.07811962,0,0,100.4546699,Intel Core i3,1000,0,Intel,Windows,210.9548067
150,Dell,Gaming,16,2.56,11.10586768,0,0,141.2119981,Intel Core i7,0,512,Nvidia,Windows,361.5027151
151,Dell,Gaming,8,2.62,10.77684406,0,0,141.2119981,Intel Core i7,0,0,Nvidia,Windows,369.975435
152,Lenovo,Notebook,4,1.9,10.1861611,0,0,100.4546699,Intel Core i5,0,128,Intel,Windows,190.8638727
153,MSI,Gaming,16,2.8,11.51989313,0,0,127.3356746,Intel Core i7,1000,256,Nvidia,Windows,356.5398888
154,HP,Ultrabook,4,1.48,10.96212749,0,0,157.3505121,Intel Core i5,0,256,Intel,Windows,232.878758
155,HP,Notebook,6,1.91,10.4036663,0,0,141.2119981,Intel Core i5,0,256,AMD,Windows,269.7149163
156,Lenovo,2 in 1 Convertible,4,1.74,10.41969228,1,1,157.3505121,Intel Core i3,0,256,Intel,Windows,273.7898911
157,Asus,2 in 1 Convertible,8,1.1,11.15715297,1,0,165.6321181,Intel Core i5,0,256,Intel,Windows,182.1953299
158,Dell,2 in 1 Convertible,8,1.56,10.93115363,1,0,141.2119981,Intel Core i7,0,256,Intel,Windows,220.290717
159,Toshiba,Notebook,4,2.1,10.07811962,0,0,100.4546699,Intel Core i3,500,0,Intel,Windows,210.9548067
160,Asus,Notebook,4,2.03,9.974497588,0,0,100.4546699,AMD Processor,1000,0,AMD,Windows,203.9229798
161,Acer,Notebook,4,3,10.6664033,0,1,127.3356746,Intel Core i5,0,256,Nvidia,Windows,382.0070237
162,Dell,Notebook,8,2.13,10.56586207,0,0,141.2119981,Intel Core i5,0,256,AMD,Windows,300.7815559
163,Lenovo,Gaming,16,2.5,10.95935099,0,1,141.2119981,Intel Core i7,0,256,Nvidia,Windows,353.0299952
164,Acer,Notebook,4,2.1,9.827763506,0,0,100.4546699,Other Intel Processor,1000,0,Intel,Windows,210.9548067
165,MSI,Gaming,16,2.4,11.47054726,0,1,141.2119981,Intel Core i7,1000,256,Nvidia,Windows,338.9087954
166,Acer,Notebook,4,2.1,9.871367833,0,0,100.4546699,Other Intel Processor,1000,0,Intel,Windows,210.9548067
167,Dell,Gaming,8,2.56,10.94204737,0,0,141.2119981,Intel Core i7,1000,128,Nvidia,Windows,361.5027151
168,Acer,Notebook,8,3,10.72549222,0,1,127.3356746,Intel Core i5,0,256,Nvidia,Windows,382.0070237
169,HP,Notebook,4,1.49,10.60095339,0,1,165.6321181,Intel Core i5,500,0,Intel,Windows,246.7918559
170,Huawei,Ultrabook,8,1.05,11.18267988,0,1,199.6920706,Intel Core i5,0,256,Intel,Windows,209.6766742
171,HP,Notebook,6,2.71,10.52521177,0,1,127.3356746,Intel Core i5,2000,0,AMD,Windows,345.0796781
172,Lenovo,Notebook,4,2.2,9.708902303,0,0,100.4546699,AMD Processor,500,0,AMD,Others,221.0002737
173,Toshiba,Notebook,4,2,10.16792352,0,0,100.4546699,Intel Core i3,500,0,Intel,Windows,200.9093397
174,HP,Notebook,8,2.5,10.80319026,0,0,127.3356746,Intel Core i5,0,256,Nvidia,Windows,318.3391864
175,Dell,Notebook,8,2.3,10.10461124,0,0,100.4546699,Intel Core i3,1000,0,Intel,Windows,231.0457407
176,Acer,Notebook,4,2.1,10.08258391,0,0,100.4546699,Intel Core i3,0,128,Intel,Windows,210.9548067
177,MSI,Gaming,32,4.4,11.91257852,0,0,119.7232158,Intel Core i7,1000,512,Nvidia,Windows,526.7821494
178,Lenovo,Notebook,8,1.9,10.67629214,0,0,141.2119981,Intel Core i5,1000,128,AMD,Windows,268.3027964
179,HP,2 in 1 Convertible,8,1.29,11.28811452,1,1,331.2642361,Intel Core i5,0,256,Intel,Windows,427.3308646
180,Dell,Notebook,16,2.02,10.93115363,0,0,141.2119981,Intel Core i7,2000,256,AMD,Others,285.2482361
181,Dell,Ultrabook,8,1.23,11.219074,0,0,165.6321181,Intel Core i5,0,256,Intel,Windows,203.7275052
182,Lenovo,2 in 1 Convertible,16,1.4,11.49796126,1,1,316.9650604,Intel Core i7,0,512,Intel,Windows,443.7510846
183,Toshiba,Notebook,8,2,10.65138425,0,0,100.4546699,Intel Core i5,0,128,Intel,Windows,200.9093397
184,Xiaomi,Notebook,8,1.95,11.06480418,0,1,141.2119981,Intel Core i5,0,256,Nvidia,Others,275.3633963
185,Dell,Notebook,16,2.77,11.32092587,1,0,127.3356746,Intel Core i7,0,512,Nvidia,Windows,352.7198186
186,Dell,Notebook,16,2.06,11.75753426,1,0,282.4239962,Intel Core i7,0,512,Nvidia,Windows,581.7934321
187,Lenovo,Gaming,8,2.4,10.63357207,0,1,141.2119981,Intel Core i5,0,256,Nvidia,Others,338.9087954
188,Acer,Ultrabook,8,1.12,10.87225536,0,1,165.6321181,Intel Core i5,0,256,Intel,Windows,185.5079722
189,Dell,Notebook,8,2.8,10.96489629,0,0,127.3356746,Intel Core i7,1000,128,AMD,Windows,356.5398888
190,Lenovo,2 in 1 Convertible,16,1.42,11.92147062,1,0,209.8006829,Intel Core i7,0,1000,Intel,Windows,297.9169697
191,Vero,Notebook,4,1.3,9.536242657,0,1,157.3505121,Other Intel Processor,0,0,Intel,Windows,204.5556658
192,Xiaomi,Ultrabook,8,1.3,10.8832163,0,1,165.6321181,Intel Core i5,0,256,Nvidia,Others,215.3217535
193,Lenovo,Notebook,8,2.8,10.52378013,0,0,106.1130621,Intel Core i5,0,256,Nvidia,Others,297.116574
194,Dell,2 in 1 Convertible,8,1.62,10.70777173,1,1,165.6321181,Intel Core i7,1000,0,Intel,Windows,268.3240312
195,HP,Notebook,8,2.5,10.7933916,0,1,127.3356746,Intel Core i5,1000,0,Nvidia,Windows,318.3391864
196,Razer,Gaming,32,3.49,12.69144113,1,0,254.6713491,Intel Core i7,0,1000,Nvidia,Windows,888.8030085
197,HP,Notebook,8,1.49,10.8414521,0,0,165.6321181,Intel Core i5,0,512,Intel,Windows,246.7918559
198,HP,Gaming,16,3.35,11.2046749,0,1,127.3356746,Intel Core i7,1000,256,Nvidia,Windows,426.5745098
199,HP,Notebook,8,2.5,10.92733319,0,0,127.3356746,Intel Core i7,0,256,Nvidia,Windows,318.3391864
200,Dell,Gaming,16,2.65,11.49579558,0,1,282.4239962,Intel Core i7,1000,512,Nvidia,Windows,748.4235898
201,Lenovo,Notebook,4,2.1,10.1760702,0,0,100.4546699,Intel Core i5,0,128,Intel,Windows,210.9548067
202,Acer,Notebook,8,2.23,10.58491027,0,0,141.2119981,Intel Core i7,1000,0,Nvidia,Windows,314.9027557
203,Lenovo,Gaming,16,3.2,11.4423605,0,1,141.2119981,Intel Core i7,1000,512,Nvidia,Windows,451.8783939
204,Dell,Workstation,16,2.8,12.0000959,0,0,282.4239962,Other Intel Processor,1000,256,Nvidia,Windows,790.7871893
205,Lenovo,Gaming,16,2.4,11.21835895,0,0,141.2119981,Intel Core i7,0,512,Nvidia,Others,338.9087954
206,Dell,Notebook,6,2.3,10.06006044,1,0,100.4546699,Intel Core i3,1000,0,Intel,Windows,231.0457407
207,Dell,Ultrabook,8,1.21,11.55063273,1,1,331.2642361,Intel Core i7,0,256,Intel,Windows,400.8297257
208,Dell,Ultrabook,8,1.2,11.25418997,0,0,165.6321181,Intel Core i7,0,256,Intel,Windows,198.7585417
209,Lenovo,Notebook,8,2.2,10.36747814,0,0,100.4546699,Intel Core i5,0,256,Intel,Windows,221.0002737
210,Acer,Notebook,8,2.4,10.63357207,0,0,141.2119981,Intel Core i7,1000,0,Nvidia,Others,338.9087954
211,Asus,Gaming,16,2.9,11.22477608,0,0,127.3356746,Intel Core i7,1000,256,Nvidia,Windows,369.2734563
212,HP,Notebook,4,2.1,9.830632948,0,0,141.2119981,Intel Core i3,500,0,Intel,Others,296.545196
213,Lenovo,Notebook,8,2.2,10.28365947,0,0,141.2119981,Intel Core i5,0,256,Intel,Others,310.6663958
214,Huawei,Ultrabook,8,1.05,11.28811452,0,1,199.6920706,Intel Core i7,0,512,Intel,Windows,209.6766742
215,Dell,Ultrabook,8,1.4,10.81276508,0,1,165.6321181,Intel Core i7,0,256,AMD,Windows,231.8849653
216,Lenovo,Notebook,8,2.8,10.35398721,0,0,106.1130621,Intel Core i5,1000,0,Nvidia,Others,297.116574
217,HP,Notebook,8,1.63,10.91384551,0,0,157.3505121,Intel Core i7,0,256,Nvidia,Windows,256.4813348
218,Dell,Ultrabook,8,1.6,11.0222083,0,0,157.3505121,Intel Core i5,0,256,Intel,Windows,251.7608194
219,Dell,2 in 1 Convertible,16,1.62,11.12939483,1,0,165.6321181,Intel Core i7,0,512,Intel,Windows,268.3240312
220,Dell,Notebook,8,2.2,10.49374915,0,0,141.2119981,Intel Core i5,0,256,AMD,Others,310.6663958
221,Lenovo,2 in 1 Convertible,8,1.74,10.77684406,0,1,157.3505121,Intel Core i5,0,256,Intel,Windows,273.7898911
222,Toshiba,Ultrabook,8,1.2,11.19300446,0,0,165.6321181,Intel Core i7,0,256,Intel,Windows,198.7585417
223,HP,Notebook,8,2.1,10.65264449,0,0,141.2119981,Intel Core i5,1000,0,Intel,Windows,296.545196
224,Dell,Gaming,16,4.42,11.78198874,0,1,127.3356746,Intel Core i7,1000,256,Nvidia,Windows,562.8236816
225,Acer,Notebook,8,2.2,10.69939347,0,0,141.2119981,Intel Core i7,0,256,Nvidia,Windows,310.6663958
226,Dell,Notebook,16,2.3,10.73134159,1,0,141.2119981,Intel Core i7,1000,0,AMD,Windows,324.7875956
227,Asus,Notebook,8,2,10.620652,0,0,141.2119981,Intel Core i5,0,256,Nvidia,Windows,282.4239962
228,Asus,Notebook,8,2.69,10.76790545,0,0,127.3356746,Intel Core i5,500,256,Nvidia,Windows,342.5329646
229,HP,Notebook,8,1.9,11.12154549,0,0,141.2119981,Intel Core i7,1000,0,AMD,Windows,268.3027964
230,Asus,Notebook,4,2.37,9.96449738,0,0,100.4546699,Intel Core i3,1000,0,Intel,Windows,238.0775676
231,HP,Notebook,4,2.1,9.774653681,0,0,100.4546699,AMD Processor,500,0,AMD,Windows,210.9548067
232,Lenovo,Gaming,16,3.2,11.28811452,0,1,141.2119981,Intel Core i7,1000,256,Nvidia,Windows,451.8783939
233,Dell,Notebook,8,1.6,10.73132995,0,0,157.3505121,Intel Core i5,0,256,Intel,Windows,251.7608194
234,Acer,2 in 1 Convertible,8,1.6,10.5108023,1,1,165.6321181,Intel Core i5,0,256,Intel,Windows,265.0113889
235,Dell,Notebook,16,2.36,10.77684406,0,0,141.2119981,Intel Core i7,0,256,AMD,Others,333.2603155
236,Acer,Notebook,4,2.1,9.941707765,0,0,100.4546699,Intel Core i3,1000,0,Intel,Others,210.9548067
237,Asus,Notebook,4,2.2,10.32993107,0,0,141.2119981,AMD Processor,1000,128,AMD,Windows,310.6663958
238,Asus,Gaming,32,4.7,12.24172546,0,0,127.3356746,Intel Core i7,1000,512,Nvidia,Windows,598.4776705
239,Acer,Gaming,8,2.5,10.71608039,0,1,141.2119981,Intel Core i5,0,256,Nvidia,Windows,353.0299952
240,Lenovo,Notebook,8,2.2,10.35398721,0,0,100.4546699,Intel Core i3,0,128,Intel,Windows,221.0002737
241,Asus,Notebook,8,2.1,11.01872094,0,0,127.3356746,Intel Core i7,1000,128,Nvidia,Windows,267.4049166
242,Asus,Notebook,8,2.69,10.76565826,0,0,127.3356746,Intel Core i7,1000,128,Nvidia,Others,342.5329646
243,Dell,Gaming,8,2.56,10.75434592,0,0,141.2119981,Intel Core i5,0,256,Nvidia,Windows,361.5027151
244,Lenovo,2 in 1 Convertible,8,1.38,10.95935099,1,1,158.4825302,Intel Core i7,0,256,Intel,Windows,218.7058917
245,Dell,Notebook,8,2.2,10.86820267,0,0,141.2119981,Intel Core i7,2000,128,AMD,Windows,310.6663958
246,HP,Notebook,8,2.04,10.3017105,1,0,100.4546699,Intel Core i5,1000,0,Intel,Windows,204.9275265
247,Asus,Gaming,16,3.6,11.9815952,0,0,127.3356746,Intel Core i7,0,256,Nvidia,Windows,458.4084285
248,HP,Notebook,4,1.49,10.49027372,0,1,165.6321181,Intel Core i5,500,0,Intel,Windows,246.7918559
249,Apple,Ultrabook,8,1.37,11.59626611,0,1,226.9830047,Intel Core i5,0,512,Intel,Mac,310.9667164
250,Dell,2 in 1 Convertible,8,2.08,10.68364511,1,1,141.2119981,Intel Core i7,1000,0,Intel,Windows,293.720956
251,Asus,Gaming,16,4.3,11.47054726,0,0,127.3356746,Intel Core i7,1000,256,Nvidia,Windows,547.5434007
252,Asus,Notebook,4,1.68,10.12616379,0,0,100.4546699,AMD Processor,1000,0,AMD,Windows,168.7638454
253,Lenovo,2 in 1 Convertible,8,1.37,11.49796126,1,1,158.4825302,Intel Core i7,0,512,Intel,Windows,217.1210664
254,Acer,Notebook,4,3,10.52949443,0,1,127.3356746,Intel Core i3,0,256,Nvidia,Windows,382.0070237
255,Dell,Ultrabook,8,1.41,10.83096982,0,0,165.6321181,Intel Core i5,0,256,Intel,Windows,233.5412865
256,HP,Notebook,8,1.91,10.07565574,0,0,100.4546699,AMD Processor,0,128,AMD,Windows,191.8684194
257,HP,Notebook,16,2.9,10.94064137,0,1,127.3356746,Intel Core i7,1000,0,Nvidia,Windows,369.2734563
258,MSI,Gaming,16,4.14,11.79920696,0,0,127.3356746,Intel Core i7,1000,512,Nvidia,Windows,527.1696927
259,Lenovo,2 in 1 Convertible,8,2,11.41335615,1,1,141.2119981,Intel Core i7,0,512,Nvidia,Windows,282.4239962
260,Dell,Notebook,8,2.8,11.01609742,0,0,127.3356746,Intel Core i7,1000,128,AMD,Windows,356.5398888
261,Lenovo,Notebook,4,2.2,10.07138559,0,0,141.2119981,Intel Core i3,0,256,Intel,Others,310.6663958
262,HP,Notebook,4,2.1,10.55758617,0,1,141.2119981,Intel Core i5,500,0,Intel,Windows,296.545196
263,Dell,Notebook,4,2.18,10.46324504,0,0,141.2119981,Intel Core i5,1000,0,Intel,Windows,307.8421558
264,Dell,Notebook,8,2.24,10.31238676,0,0,141.2119981,Intel Core i5,1000,0,AMD,Windows,316.3148757
265,Dell,2 in 1 Convertible,8,2.67,10.65892197,1,0,141.2119981,Intel Core i5,0,256,Intel,Windows,377.0360349
266,Asus,2 in 1 Convertible,8,1.1,11.28811452,1,0,165.6321181,Intel Core i7,0,1024,Intel,Windows,182.1953299
267,Lenovo,Notebook,4,2.2,10.12189028,0,0,141.2119981,Intel Core i5,1000,0,Intel,Others,310.6663958
268,HP,Notebook,8,2.5,10.90115622,0,0,127.3356746,Intel Core i7,1000,0,Nvidia,Windows,318.3391864
269,Lenovo,Notebook,8,2.05,10.75548293,0,0,141.2119981,Intel Core i7,0,256,Intel,Windows,289.4845961
270,Apple,Ultrabook,8,1.37,11.5556994,0,1,226.9830047,Intel Core i5,0,512,Intel,Mac,310.9667164
271,Asus,Gaming,16,3.2,11.32092587,0,0,127.3356746,AMD Processor,1000,256,AMD,Windows,407.4741586
272,Dell,Notebook,8,2.14,10.57552676,0,0,141.2119981,Intel Core i7,0,256,AMD,Others,302.1936759
273,Lenovo,2 in 1 Convertible,16,1.36,11.79920696,1,0,209.8006829,Intel Core i7,0,512,Intel,Windows,285.3289287
274,Toshiba,Notebook,8,2.2,10.67506137,0,0,100.4546699,Intel Core i7,500,0,Nvidia,Windows,221.0002737
275,Dell,Notebook,12,2.3,10.54514062,0,0,100.4546699,Intel Core i7,1000,0,Intel,Windows,231.0457407
276,Dell,Notebook,8,2.8,10.97771698,0,0,127.3356746,Intel Core i7,1000,128,AMD,Others,356.5398888
277,Acer,Notebook,8,2.2,10.58894524,0,1,141.2119981,Intel Core i7,1000,0,Nvidia,Windows,310.6663958
278,Lenovo,Notebook,4,2.8,10.16792352,0,0,106.1130621,Intel Core i3,1000,0,Intel,Windows,297.116574
279,Lenovo,Notebook,8,2.8,10.71962021,0,0,127.3356746,Intel Core i7,2000,0,Nvidia,Others,356.5398888
280,Lenovo,Notebook,6,2.8,10.73132995,0,0,106.1130621,Intel Core i7,1000,128,Nvidia,Windows,297.116574
281,Dell,Notebook,4,2.25,10.03468422,0,0,141.2119981,Intel Core i3,1000,0,AMD,Others,317.7269957
282,Lenovo,Gaming,8,2.5,10.69578118,0,1,141.2119981,Intel Core i5,0,256,Nvidia,Windows,353.0299952
283,Lenovo,Notebook,6,2.2,10.3368635,0,0,141.2119981,Intel Core i5,0,256,Intel,Windows,310.6663958
284,Acer,Notebook,8,3,10.83307509,0,1,141.2119981,Intel Core i7,0,256,Nvidia,Windows,423.6359942
285,Acer,Notebook,12,2.15,10.46628456,1,1,141.2119981,Intel Core i7,1000,0,Intel,Windows,303.6057959
286,Lenovo,Notebook,8,1.95,10.97589549,0,1,141.2119981,Intel Core i7,0,256,Intel,Windows,275.3633963
287,Asus,Ultrabook,8,1.7,10.86004768,0,0,141.2119981,Intel Core i5,0,256,Nvidia,Windows,240.0603967
288,Lenovo,Gaming,16,2.5,11.04798293,0,1,141.2119981,Intel Core i7,1000,256,Nvidia,Windows,353.0299952
289,Lenovo,Notebook,8,2.2,10.46629974,0,0,141.2119981,Intel Core i7,1000,0,Nvidia,Others,310.6663958
290,Acer,Notebook,2,2.19,9.268865851,0,0,100.4546699,Other Intel Processor,0,16,Intel,Others,219.995727
291,Asus,Gaming,8,3,11.05474542,0,0,127.3356746,Intel Core i7,1000,0,Nvidia,Windows,382.0070237
292,HP,Notebook,8,2.54,10.16792352,0,0,106.1130621,Intel Core i3,1000,0,Intel,Windows,269.5271778
293,Dell,Notebook,8,2,11.48708567,0,0,141.2119981,Intel Core i7,0,256,Nvidia,Windows,282.4239962
294,Lenovo,Notebook,8,2.05,10.58085895,0,0,141.2119981,Intel Core i5,0,256,Intel,Windows,289.4845961
295,Lenovo,Gaming,8,3.2,11.14491104,0,1,141.2119981,Intel Core i7,1000,0,Nvidia,Windows,451.8783939
296,Acer,Notebook,8,2.5,10.86209267,0,0,141.2119981,Intel Core i7,0,256,Nvidia,Others,353.0299952
297,Dell,Workstation,16,3.42,11.94279268,0,0,127.3356746,Intel Core i7,0,256,Nvidia,Windows,435.488007
298,Lenovo,Notebook,6,2.4,10.18816712,0,0,141.2119981,AMD Processor,1000,0,AMD,Windows,338.9087954
299,Asus,Ultrabook,16,1.63,11.26721724,0,0,141.2119981,Intel Core i7,0,512,Nvidia,Windows,230.1755569
300,Asus,Notebook,4,1.3,10.20800904,0,0,111.9352036,Intel Core i3,0,128,Intel,Windows,145.5157646
301,Asus,Gaming,16,2.9,11.63567535,0,0,127.3356746,Intel Core i7,1000,256,Nvidia,Windows,369.2734563
302,Lenovo,Notebook,6,2.8,10.45099374,0,0,106.1130621,Intel Core i5,1000,0,Nvidia,Windows,297.116574
303,Lenovo,Notebook,8,2.2,10.28365947,0,0,100.4546699,Intel Core i5,2000,0,Nvidia,Others,221.0002737
304,Asus,Gaming,8,2.5,11.11838843,0,0,141.2119981,Intel Core i7,1000,128,Nvidia,Windows,353.0299952
305,Lenovo,Notebook,4,2.2,9.86163728,0,0,100.4546699,Other Intel Processor,1000,0,Intel,Others,221.0002737
306,HP,2 in 1 Convertible,16,1.28,11.5638847,1,0,165.6321181,Intel Core i7,0,256,Intel,Windows,212.0091111
307,Toshiba,Notebook,8,2.2,10.92541748,0,1,141.2119981,Intel Core i7,0,256,Nvidia,Windows,310.6663958
308,Lenovo,Notebook,8,2.3,10.68364511,0,0,141.2119981,Intel Core i5,1000,128,Nvidia,Windows,324.7875956
309,HP,Notebook,4,1.86,10.12616379,0,0,141.2119981,Intel Core i3,1000,0,Intel,Windows,262.6543164
310,Lenovo,Notebook,8,1.1,10.8823158,0,1,165.6321181,Intel Core i5,0,256,Intel,Windows,182.1953299
311,Dell,Ultrabook,16,1.21,11.79920696,1,1,331.2642361,Intel Core i7,0,1000,Intel,Windows,400.8297257
312,MSI,Gaming,16,2.8,11.62477735,0,1,141.2119981,Intel Core i7,1000,256,Nvidia,Windows,395.3935946
313,Acer,Notebook,8,2.23,10.12616379,0,0,141.2119981,AMD Processor,0,256,AMD,Windows,314.9027557
314,Asus,2 in 1 Convertible,2,1.1,9.592332124,1,0,135.0942112,Other Intel Processor,0,0,Intel,Windows,148.6036323
315,Dell,Notebook,8,2.33,10.71371352,0,0,141.2119981,Intel Core i5,1000,128,AMD,Windows,329.0239555
316,HP,2 in 1 Convertible,16,1.29,11.77899608,1,1,331.2642361,Intel Core i7,0,1000,Intel,Windows,427.3308646
317,Lenovo,Notebook,4,1.45,10.1065701,0,0,117.8265301,Other Intel Processor,0,0,Intel,Others,170.8484686
318,HP,Notebook,8,1.95,10.8631136,0,0,157.3505121,Intel Core i5,0,256,Intel,Windows,306.8334987
319,Acer,Notebook,4,1.4,10.15970992,0,0,135.0942112,Other Intel Processor,0,0,Intel,Windows,189.1318957
320,HP,Notebook,8,1.48,11.13950771,0,0,157.3505121,Intel Core i7,0,256,Intel,Windows,232.878758
321,Lenovo,Notebook,4,2.79,10.35398721,0,0,106.1130621,Intel Core i5,1000,0,Nvidia,Windows,296.0554434
322,Asus,Notebook,8,2,10.97315701,0,0,157.3505121,Intel Core i7,0,256,Intel,Windows,314.7010243
323,HP,Notebook,8,2.1,10.78017555,0,1,100.4546699,Intel Core i7,1000,0,Intel,Windows,210.9548067
324,Acer,Notebook,8,2.2,10.46628456,0,0,100.4546699,AMD Processor,0,256,AMD,Windows,221.0002737
325,Lenovo,Notebook,4,1.44,9.652314829,0,0,111.9352036,Other Intel Processor,0,0,Intel,Windows,161.1866931
326,Acer,Notebook,6,2.23,10.28365947,0,0,100.4546699,Intel Core i5,1000,0,Intel,Windows,224.0139138
327,Asus,Ultrabook,8,1.7,10.93201123,0,0,141.2119981,Intel Core i7,0,256,Nvidia,Windows,240.0603967
328,HP,Ultrabook,8,1.26,11.1722476,0,0,176.2325736,Intel Core i7,0,256,Intel,Windows,222.0530427
329,Dell,Notebook,32,2.06,11.85371636,1,0,282.4239962,Intel Core i7,0,1000,Nvidia,Windows,581.7934321
330,MSI,Gaming,8,2.7,11.06480418,0,0,127.3356746,Intel Core i7,1000,256,Nvidia,Windows,343.8063213
331,Toshiba,Notebook,8,2,10.82462731,0,1,141.2119981,Intel Core i5,0,256,Intel,Windows,282.4239962
332,Asus,Notebook,8,2,11.17149825,0,0,157.3505121,Intel Core i7,1000,256,Intel,Windows,314.7010243
333,Lenovo,Notebook,4,1.85,10.08258391,0,0,141.2119981,Intel Core i3,1000,0,Intel,Windows,261.2421965
334,Asus,Gaming,8,2.5,10.8823158,0,0,141.2119981,Intel Core i7,0,256,Nvidia,Windows,353.0299952
335,HP,Notebook,8,1.48,11.12075716,0,0,157.3505121,Intel Core i5,0,256,Intel,Windows,232.878758
336,Dell,Ultrabook,8,1.9,10.93115363,0,1,141.2119981,Intel Core i5,1000,128,Nvidia,Windows,268.3027964
337,HP,Notebook,8,1.84,11.0178472,0,0,141.2119981,Intel Core i5,0,256,Intel,Windows,259.8300765
338,Asus,Notebook,4,2,9.59229576,0,0,100.4546699,Other Intel Processor,1000,0,Intel,Others,200.9093397
339,Dell,Notebook,8,2,11.01675394,0,0,141.2119981,Intel Core i5,0,256,Nvidia,Windows,282.4239962
340,Dell,Notebook,4,2.2,9.591968421,0,0,100.4546699,Other Intel Processor,500,0,Intel,Others,221.0002737
341,Lenovo,Notebook,12,2.2,10.77684406,0,0,141.2119981,AMD Processor,2000,0,AMD,Windows,310.6663958
342,HP,Notebook,8,2.1,10.54924119,0,1,141.2119981,Intel Core i3,1000,0,Nvidia,Windows,296.545196
343,Lenovo,2 in 1 Convertible,16,1.4,11.62477735,1,1,316.9650604,Intel Core i7,0,512,Intel,Windows,443.7510846
344,Dell,Ultrabook,8,1.2,11.34010804,0,0,165.6321181,Intel Core i7,0,256,Intel,Windows,198.7585417
345,Lenovo,Gaming,16,2.4,11.00464859,0,1,141.2119981,Intel Core i7,2000,256,Nvidia,Windows,338.9087954
346,HP,Notebook,2,1.44,9.606772808,0,0,111.9352036,Other Intel Processor,0,0,Intel,Windows,161.1866931
347,Dell,Ultrabook,16,1.88,11.3582826,0,0,141.2119981,Intel Core i7,0,768,Intel,Windows,265.4785564
348,Asus,2 in 1 Convertible,4,1.5,9.902487052,1,0,135.0942112,Other Intel Processor,0,0,Intel,Windows,202.6413168
349,Dell,Ultrabook,8,1.9,10.47233602,0,0,141.2119981,Intel Core i5,1000,0,AMD,Windows,268.3027964
350,Dell,Notebook,16,2.06,11.59008035,1,0,282.4239962,Intel Core i7,0,512,Nvidia,Windows,581.7934321
351,HP,Notebook,8,1.84,11.14875277,0,0,141.2119981,Intel Core i7,0,256,Intel,Windows,259.8300765
352,MSI,Gaming,8,2.7,11.22619654,0,0,127.3356746,Intel Core i7,1000,128,Nvidia,Windows,343.8063213
353,HP,Workstation,8,2.6,11.43620667,0,0,141.2119981,Intel Core i7,0,256,Nvidia,Windows,367.151195
354,Toshiba,Notebook,16,2.4,11.22192911,0,1,141.2119981,Intel Core i7,0,512,Nvidia,Windows,338.9087954
355,Dell,Notebook,8,2.02,10.8537845,0,0,141.2119981,Intel Core i7,2000,128,AMD,Windows,285.2482361
356,Lenovo,Notebook,4,2.2,9.750081515,0,0,100.4546699,Other Intel Processor,1000,0,Intel,Others,221.0002737
357,Dell,Gaming,8,2.65,10.8823158,0,0,141.2119981,Intel Core i5,1000,0,Nvidia,Windows,374.2117949
358,Dell,Notebook,8,2.36,10.29879032,1,0,100.4546699,Intel Core i5,2000,0,Intel,Windows,237.0730209
359,Dell,Notebook,8,1.36,11.23889064,0,0,157.3505121,Intel Core i5,0,256,Intel,Windows,213.9966965
360,HP,Notebook,4,1.86,10.06006044,0,0,100.4546699,Intel Core i3,500,0,Intel,Windows,186.8456859
361,Asus,Notebook,8,2,10.82674595,0,0,157.3505121,Intel Core i5,0,256,Intel,Windows,314.7010243
362,Lenovo,Notebook,6,2.8,10.55342238,0,0,106.1130621,Intel Core i5,1000,128,Nvidia,Windows,297.116574
363,HP,Notebook,8,1.86,10.43546548,0,0,141.2119981,Intel Core i5,1000,0,Intel,Windows,262.6543164
364,Lenovo,Notebook,8,2.2,10.18816712,0,0,100.4546699,Intel Core i3,0,256,Nvidia,Others,221.0002737
365,HP,Notebook,8,2.04,9.93914037,0,0,100.4546699,Other Intel Processor,2000,0,Intel,Windows,204.9275265
366,Dell,Notebook,8,2.8,10.96489629,0,0,127.3356746,Intel Core i5,1000,128,AMD,Windows,356.5398888
367,Lenovo,Gaming,8,2.4,10.67135994,0,1,141.2119981,Intel Core i5,1000,128,Nvidia,Others,338.9087954
368,Dell,Notebook,8,2.33,10.77684406,0,0,141.2119981,Intel Core i7,0,256,AMD,Windows,329.0239555
369,HP,Ultrabook,8,1.36,11.44293209,0,1,157.3505121,Intel Core i7,0,256,Intel,Windows,213.9966965
370,Asus,2 in 1 Convertible,12,2.26,10.97771698,1,0,141.2119981,Intel Core i7,2000,512,Nvidia,Windows,319.1391157
371,Acer,Notebook,4,2.1,10.03000037,0,0,100.4546699,AMD Processor,0,128,AMD,Windows,210.9548067
372,Asus,Gaming,16,3.25,11.67131902,0,1,127.3356746,AMD Processor,1000,256,AMD,Windows,413.8409424
373,Lenovo,Notebook,4,2.6,10.16792352,0,0,106.1130621,AMD Processor,0,128,AMD,Windows,275.8939616
374,Dell,2 in 1 Convertible,8,1.62,10.74291566,1,0,165.6321181,Intel Core i7,0,256,Intel,Windows,268.3240312
375,HP,Notebook,4,1.91,10.16790307,0,0,141.2119981,AMD Processor,0,256,AMD,Windows,269.7149163
376,Lenovo,Netbook,4,1.59,10.29091903,0,1,135.0942112,Other Intel Processor,0,128,Intel,Windows,214.7997958
377,Dell,Notebook,4,1.8,9.708902303,0,0,100.4546699,Other Intel Processor,500,0,Intel,Windows,180.8184058
378,Asus,Notebook,4,1.5,9.631552837,0,0,111.9352036,Other Intel Processor,0,0,Intel,Windows,167.9028053
379,Acer,Notebook,8,2.4,10.71608039,0,0,141.2119981,Intel Core i7,1000,0,Nvidia,Others,338.9087954
380,HP,Gaming,8,3.35,11.0581096,0,1,127.3356746,Intel Core i7,1000,128,Nvidia,Windows,426.5745098
381,Lenovo,Notebook,4,1.85,9.975737514,0,0,141.2119981,Intel Core i3,0,128,Intel,Others,261.2421965
382,Asus,Gaming,8,2.3,11.38711731,0,1,141.2119981,Intel Core i7,1000,128,Nvidia,Windows,324.7875956
383,Lenovo,Notebook,8,1.5,10.97771698,0,1,157.3505121,Intel Core i5,0,256,Nvidia,Windows,236.0257682
384,Asus,Ultrabook,16,1.1,11.44230332,1,0,165.6321181,Intel Core i7,0,512,Intel,Windows,182.1953299
385,Lenovo,Ultrabook,8,1.13,11.70836856,0,1,209.8006829,Intel Core i7,0,512,Intel,Windows,237.0747716
386,Lenovo,Notebook,4,1.5,10.28365947,0,1,165.6321181,Intel Core i3,0,128,Intel,Windows,248.4481771
387,Dell,Workstation,8,2.23,11.19739685,0,0,141.2119981,Intel Core i5,500,0,AMD,Windows,314.9027557
388,Dell,Workstation,8,2,11.64178295,0,1,141.2119981,Intel Core i7,0,256,Nvidia,Windows,282.4239962
389,Lenovo,2 in 1 Convertible,16,1.42,11.80320057,1,0,209.8006829,Intel Core i7,0,512,Intel,Windows,297.9169697
390,Asus,Gaming,8,3,10.92157502,0,0,127.3356746,Intel Core i7,1000,0,Nvidia,Windows,382.0070237
391,Asus,Gaming,16,3,11.34767905,0,0,127.3356746,Intel Core i7,1000,256,Nvidia,Windows,382.0070237
392,Acer,Notebook,12,2.2,10.51801858,0,1,100.4546699,Intel Core i5,1000,0,Nvidia,Windows,221.0002737
393,MSI,Gaming,8,2.7,11.18267988,0,0,127.3356746,Intel Core i7,0,256,Nvidia,Windows,343.8063213
394,Dell,Notebook,8,2.33,10.63340518,0,0,141.2119981,Intel Core i7,0,256,AMD,Others,329.0239555
395,HP,Ultrabook,4,1.91,10.18816712,0,0,141.2119981,AMD Processor,0,256,AMD,Windows,269.7149163
396,Lenovo,Notebook,8,2.1,11.08997269,0,1,141.2119981,Intel Core i7,0,256,AMD,Windows,296.545196
397,Lenovo,Notebook,8,1.9,10.81931098,0,1,157.3505121,Intel Core i5,0,256,Intel,Windows,298.9659731
398,Dell,Workstation,8,1.78,11.88100268,1,0,282.4239962,Intel Core i7,0,256,Nvidia,Windows,502.7147132
399,Lenovo,Ultrabook,16,1.13,11.8483972,0,1,209.8006829,Intel Core i7,0,1000,Intel,Windows,237.0747716
400,Lenovo,Notebook,4,2.2,9.699146128,0,0,100.4546699,Other Intel Processor,1000,0,Intel,Windows,221.0002737
401,Asus,Gaming,16,2.9,11.30793023,0,0,127.3356746,Intel Core i7,1000,256,Nvidia,Windows,369.2734563
402,Lenovo,Notebook,8,2.1,11.01828417,0,1,141.2119981,Intel Core i5,1000,256,AMD,Windows,296.545196
403,Acer,Notebook,8,2.5,10.75434592,0,0,141.2119981,Intel Core i7,0,256,Nvidia,Others,353.0299952
404,MSI,Gaming,16,2.8,11.69380198,0,0,127.3356746,Intel Core i7,1000,256,Nvidia,Windows,356.5398888
405,Asus,Ultrabook,8,1.1,11.51085773,0,0,157.3505121,Intel Core i7,0,512,Intel,Windows,173.0855634
406,Toshiba,Ultrabook,16,1.2,11.44121634,0,0,165.6321181,Intel Core i7,0,512,Intel,Windows,198.7585417
407,Dell,Ultrabook,8,1.36,11.4021101,0,0,157.3505121,Intel Core i7,0,512,Intel,Windows,213.9966965
408,Lenovo,Notebook,4,2.2,9.989276182,0,0,141.2119981,Intel Core i3,500,0,Intel,Windows,310.6663958
409,Lenovo,Notebook,2,1.15,9.694067896,0,0,135.0942112,Other Intel Processor,0,0,Intel,Windows,155.3583429
410,Lenovo,Workstation,8,2.67,11.53824227,0,0,141.2119981,Intel Core i7,0,512,Nvidia,Windows,377.0360349
411,Lenovo,Ultrabook,8,1.7,11.54754948,0,1,209.8006829,Intel Core i7,0,512,Nvidia,Windows,356.6611609
412,HP,Notebook,4,2.1,10.12616379,0,0,141.2119981,Intel Core i3,1000,0,AMD,Windows,296.545196
413,Acer,2 in 1 Convertible,8,1.6,10.64634002,1,1,165.6321181,Intel Core i7,0,256,Intel,Windows,265.0113889
414,Asus,2 in 1 Convertible,8,1.27,10.80859276,1,1,165.6321181,Intel Core i5,0,256,Intel,Windows,210.3527899
415,Dell,Notebook,4,2.3,10.37065567,0,0,141.2119981,Intel Core i5,0,256,AMD,Others,324.7875956
416,Dell,Notebook,4,1.65,10.5108023,0,0,117.8265301,Intel Core i3,0,128,Intel,Windows,194.4137746
417,HP,Ultrabook,8,1.43,11.28878141,0,0,157.3505121,Intel Core i7,0,256,Intel,Windows,225.0112324
418,Dell,Notebook,8,2.14,10.26703757,0,0,100.4546699,Intel Core i5,1000,0,Intel,Windows,214.9729935
419,Lenovo,Ultrabook,8,1.75,11.07837309,0,1,157.3505121,Intel Core i7,0,256,AMD,Windows,275.3633963
420,Lenovo,2 in 1 Convertible,16,2,11.52464374,1,1,282.4239962,Intel Core i7,0,512,Nvidia,Windows,564.8479923
421,Chuwi,Notebook,6,1.4,10.08258391,0,1,267.338436,Other Intel Processor,0,0,Intel,Windows,374.2738104
422,HP,Notebook,8,2.31,11.23889064,0,0,141.2119981,Intel Core i7,0,256,Intel,Windows,326.1997156
423,Asus,Notebook,8,2.3,10.36747814,0,0,141.2119981,Intel Core i3,1000,0,Nvidia,Others,324.7875956
424,Dell,Gaming,16,4.42,11.91257852,0,1,169.7808994,Intel Core i7,1000,256,Nvidia,Windows,750.4315755
425,Dell,Gaming,8,2.62,11.03087387,0,1,141.2119981,Intel Core i7,1000,128,Nvidia,Windows,369.975435
426,Dell,Notebook,8,2.02,11.01644762,0,0,141.2119981,Intel Core i7,2000,256,AMD,Windows,285.2482361
427,Dell,Ultrabook,8,1.6,10.97771698,0,0,157.3505121,Intel Core i7,0,256,Intel,Others,251.7608194
428,HP,Gaming,12,3.35,11.57596336,0,0,127.3356746,Intel Core i7,1000,256,Nvidia,Windows,426.5745098
429,Mediacom,2 in 1 Convertible,4,1.16,9.6760046,1,1,189.9057905,Other Intel Processor,0,32,Intel,Windows,220.290717
430,Samsung,Netbook,4,1.15,9.570272406,0,0,135.0942112,Other Intel Processor,0,0,Intel,Others,155.3583429
431,Lenovo,Notebook,8,1.4,10.89326664,0,1,165.6321181,Intel Core i7,0,256,Intel,Windows,231.8849653
432,Lenovo,Notebook,4,1.7,10.37082262,0,1,157.3505121,Intel Core i3,0,128,Intel,Windows,267.4958707
433,Lenovo,Workstation,16,2.3,11.77736143,0,1,282.4239962,Intel Core i7,0,512,Nvidia,Windows,649.5751912
434,Lenovo,Notebook,16,2.5,11.77899608,0,0,141.2119981,Intel Core i7,0,512,Nvidia,Windows,353.0299952
435,Asus,Gaming,8,3.2,11.41099905,0,0,127.3356746,AMD Processor,1000,256,AMD,Windows,407.4741586
436,HP,Notebook,4,2.1,9.824885806,0,0,100.4546699,Other Intel Processor,500,0,Intel,Windows,210.9548067
437,Google,Ultrabook,16,1.1,11.67131902,1,0,234.5074,Intel Core i7,0,512,Intel,Others,257.95814
438,Lenovo,Ultrabook,24,1.32,11.75125678,0,0,209.8006829,Intel Core i7,0,512,Intel,Windows,276.9369014
439,Asus,Notebook,4,2,10.3017105,0,0,141.2119981,Intel Core i5,0,256,Intel,Others,282.4239962
440,Lenovo,Notebook,8,2.8,10.22746491,0,0,106.1130621,AMD Processor,1000,0,AMD,Windows,297.116574
441,Dell,Notebook,4,2.2,10.59430001,0,0,141.2119981,Intel Core i5,0,256,AMD,Windows,310.6663958
442,Lenovo,Ultrabook,8,1.36,11.2402912,0,1,176.2325736,Intel Core i5,0,256,Intel,Windows,239.6763001
443,Lenovo,Notebook,4,2.2,9.830632948,0,0,141.2119981,Other Intel Processor,0,128,Intel,Windows,310.6663958
444,HP,Gaming,8,2.2,10.97771698,0,1,141.2119981,Intel Core i7,1000,128,Nvidia,Windows,310.6663958
445,Dell,Notebook,8,1.64,11.04798293,0,0,157.3505121,Intel Core i5,0,256,Nvidia,Windows,258.0548399
446,Acer,Notebook,4,2.4,10.06641832,0,0,100.4546699,Intel Core i5,500,0,Intel,Others,241.0912077
447,Dell,Workstation,8,2.23,11.57295735,0,0,141.2119981,Other Intel Processor,1000,0,Nvidia,Windows,314.9027557
448,MSI,Gaming,8,2.2,10.91067852,0,0,141.2119981,Intel Core i5,0,256,Nvidia,Windows,310.6663958
449,Microsoft,Ultrabook,16,1.25,11.83458801,1,0,200.8425599,Intel Core i7,0,512,Intel,Windows,251.0531999
450,HP,Notebook,8,1.91,10.35398721,0,0,100.4546699,Intel Core i5,0,128,Intel,Windows,191.8684194
451,Dell,Workstation,16,2.17,11.5638847,0,1,141.2119981,Intel Core i7,0,256,Nvidia,Windows,306.4300358
452,HP,Workstation,8,2.31,11.31119501,0,1,141.2119981,Intel Core i7,0,512,Intel,Windows,326.1997156
453,Lenovo,Notebook,8,1.65,11.17971032,0,0,157.3505121,Intel Core i5,0,256,Intel,Windows,259.628345
454,Dell,Notebook,8,2.36,10.86209267,0,0,141.2119981,Intel Core i7,1000,128,AMD,Windows,333.2603155
455,Dell,2 in 1 Convertible,4,1.47,10.14726162,1,0,135.0942112,Other Intel Processor,500,0,Intel,Windows,198.5884905
456,Dell,Notebook,8,4.42,11.59920297,0,1,127.3356746,Intel Core i7,1000,0,Nvidia,Windows,562.8236816
457,Microsoft,Ultrabook,4,1.252,10.87225536,1,0,200.8425599,Other Intel Processor,0,128,Intel,Windows,251.454885
458,Microsoft,Ultrabook,8,1.25,11.47054726,1,0,200.8425599,Intel Core i7,0,256,Intel,Windows,251.0531999
459,HP,Notebook,8,2.5,10.43687294,0,0,106.1130621,Intel Core i3,0,256,Intel,Windows,265.2826554
460,Acer,Notebook,4,2.23,10.27451027,0,0,141.2119981,Intel Core i3,1000,0,Nvidia,Windows,314.9027557
461,Acer,Netbook,4,1.4,10.05090706,0,0,135.0942112,Other Intel Processor,0,128,Intel,Windows,189.1318957
462,Asus,Notebook,8,2.37,10.59430001,0,0,141.2119981,Intel Core i5,1000,0,Intel,Windows,334.6724355
463,Lenovo,Notebook,8,1.5,10.65892197,0,1,157.3505121,Intel Core i7,0,512,AMD,Others,236.0257682
464,Lenovo,Notebook,8,2.67,11.62048037,0,0,141.2119981,Intel Core i7,0,256,Nvidia,Windows,377.0360349
465,Asus,Notebook,4,2,9.692588728,0,0,100.4546699,Other Intel Processor,500,0,Intel,Windows,200.9093397
466,Acer,Notebook,4,2.2,10.12616379,0,0,100.4546699,Intel Core i3,500,0,Nvidia,Windows,221.0002737
467,Dell,Notebook,8,2.02,10.6075628,0,0,141.2119981,Intel Core i5,2000,0,AMD,Windows,285.2482361
468,HP,Gaming,12,3.78,11.41335615,0,1,127.3356746,Intel Core i7,1000,0,Nvidia,Windows,481.3288499
469,Lenovo,Ultrabook,12,1.4,11.50281695,0,1,209.8006829,Intel Core i7,0,256,Intel,Windows,293.720956
470,HP,2 in 1 Convertible,8,1.29,11.57596336,1,1,331.2642361,Intel Core i7,0,512,Intel,Windows,427.3308646
471,HP,Notebook,8,1.9,11.02655047,0,0,141.2119981,Intel Core i5,500,0,AMD,Windows,268.3027964
472,Google,Ultrabook,8,1.1,11.12626248,1,0,234.5074,Intel Core i5,0,128,Intel,Others,257.95814
473,Dell,Ultrabook,8,1.42,11.49408681,1,0,165.6321181,Intel Core i5,0,256,Intel,Windows,235.1976076
474,Asus,Notebook,12,2.06,11.14491104,0,1,282.4239962,Intel Core i7,1000,128,Intel,Windows,581.7934321
475,Dell,Notebook,8,1.79,10.58221121,0,0,111.9352036,Intel Core i3,0,128,Intel,Windows,200.3640144
476,Dell,Workstation,8,1.78,11.76211283,0,0,141.2119981,Intel Core i7,0,256,Nvidia,Windows,251.3573566
477,Lenovo,Notebook,8,1.7,11.19373786,0,0,157.3505121,Intel Core i5,0,180,Intel,Windows,267.4958707
478,Dell,Notebook,8,2.2,10.49027372,0,0,141.2119981,Intel Core i5,1000,0,AMD,Windows,310.6663958
479,Toshiba,Notebook,8,1.05,11.39733682,0,1,165.6321181,Intel Core i5,0,256,Intel,Windows,173.913724
480,Dell,Notebook,8,2.16,11.11601407,0,1,141.2119981,Intel Core i7,0,512,Nvidia,Windows,305.0179159
481,Dell,Notebook,4,2.18,10.34990418,0,0,100.4546699,Intel Core i3,1000,0,Intel,Windows,218.9911803
482,HP,Notebook,4,1.49,10.56311104,0,1,165.6321181,Intel Core i5,0,128,Intel,Windows,246.7918559
483,Chuwi,Notebook,4,1.89,9.492612236,0,0,141.2119981,Other Intel Processor,0,0,Intel,Windows,266.8906764
484,Lenovo,Notebook,4,2.3,10.31238676,0,0,100.4546699,Intel Core i3,0,128,Intel,Windows,231.0457407
485,Lenovo,Notebook,8,1.75,10.93115363,0,1,157.3505121,Intel Core i5,0,256,Intel,Windows,275.3633963
486,Dell,Workstation,16,2.17,11.73261217,0,1,141.2119981,Intel Core i7,0,512,Nvidia,Windows,306.4300358
487,Dell,Notebook,16,2.06,11.52464374,0,0,141.2119981,Intel Core i7,0,512,Nvidia,Windows,290.896716
488,Lenovo,Ultrabook,16,1.36,11.46999124,0,1,176.2325736,Intel Core i7,0,512,Intel,Windows,239.6763001
489,Asus,Ultrabook,16,0.91,11.55114568,0,0,176.2325736,Intel Core i7,0,512,Intel,Windows,160.371642
490,Lenovo,Notebook,8,2.3,10.89523499,0,1,141.2119981,Intel Core i5,0,256,Nvidia,Windows,324.7875956
491,Toshiba,Ultrabook,32,1.05,11.91257852,1,0,165.6321181,Intel Core i7,0,512,Intel,Windows,173.913724
492,Asus,Gaming,8,1.99,11.1834209,0,0,141.2119981,Intel Core i7,1000,128,Nvidia,Windows,281.0118762
493,Acer,Notebook,8,2.2,10.3368635,0,0,100.4546699,AMD Processor,1000,0,AMD,Windows,221.0002737
494,Asus,Gaming,24,4.33,11.12154549,1,1,127.3356746,Intel Core i7,1000,256,Nvidia,Windows,551.3634709
495,Lenovo,Ultrabook,8,1.3,10.97771698,0,1,125.367428,Intel Core i5,0,180,Intel,Windows,162.9776564
496,Lenovo,Notebook,8,2.17,10.77673282,0,0,141.2119981,Intel Core i7,0,256,Intel,Windows,306.4300358
497,HP,Notebook,8,1.48,11.4423605,0,0,157.3505121,Intel Core i7,0,1000,Intel,Windows,232.878758
498,Lenovo,Notebook,8,1.4,10.83096982,0,1,165.6321181,Intel Core i3,0,256,Intel,Windows,231.8849653
499,Lenovo,Notebook,8,2.3,10.79010392,0,1,141.2119981,Intel Core i5,0,256,Intel,Windows,324.7875956
500,Asus,Netbook,4,1.2,9.804506644,0,0,135.0942112,Other Intel Processor,0,0,Intel,Windows,162.1130534
501,HP,Notebook,8,1.91,10.40365014,0,0,100.4546699,Intel Core i5,0,256,AMD,Windows,191.8684194
502,Lenovo,2 in 1 Convertible,8,1.4,11.35269474,1,1,158.4825302,Intel Core i5,0,256,Intel,Windows,221.8755423
503,Lenovo,Notebook,4,2.1,9.6760046,0,0,111.9352036,Other Intel Processor,500,0,Intel,Windows,235.0639275
504,Lenovo,Netbook,4,1.25,9.555290852,0,0,135.0942112,Other Intel Processor,0,16,Intel,Others,168.867764
505,Lenovo,Notebook,8,1.44,10.83096982,0,0,165.6321181,Intel Core i5,0,256,Intel,Windows,238.51025
506,Asus,Notebook,8,2,11.08544049,0,0,141.2119981,Intel Core i7,1000,256,Intel,Windows,282.4239962
507,Acer,Notebook,4,2.2,10.39392596,0,1,141.2119981,Intel Core i5,1000,0,Nvidia,Windows,310.6663958
508,HP,Ultrabook,8,1.34,11.16321819,0,1,165.6321181,Intel Core i7,0,512,Intel,Windows,221.9470382
509,Lenovo,Gaming,8,2.4,11.0222083,0,1,141.2119981,Intel Core i7,1000,256,Nvidia,Others,338.9087954
510,Dell,Ultrabook,8,1.29,10.77684406,1,1,165.6321181,Intel Core i5,0,128,Intel,Windows,213.6654323
511,Acer,Notebook,4,2.2,10.43546548,0,0,141.2119981,Intel Core i7,500,0,Nvidia,Windows,310.6663958
512,Dell,Notebook,8,2.18,10.70418964,0,0,141.2119981,Intel Core i5,1000,0,Intel,Windows,307.8421558
513,Dell,Notebook,16,2.2,11.08154402,0,0,141.2119981,Intel Core i7,2000,256,AMD,Windows,310.6663958
514,Xiaomi,Notebook,16,1.95,11.21975283,0,1,141.2119981,Intel Core i7,0,256,Nvidia,Others,275.3633963
515,Asus,Netbook,2,1.1,9.476819237,0,0,135.0942112,Other Intel Processor,0,0,Intel,Windows,148.6036323
516,HP,Notebook,4,2.04,10.23221277,1,0,100.4546699,Intel Core i5,1000,0,Intel,Windows,204.9275265
517,Asus,Gaming,24,2.24,11.97120463,0,0,141.2119981,Intel Core i7,0,512,Nvidia,Windows,316.3148757
518,HP,Notebook,8,2.04,10.76565826,0,0,141.2119981,Intel Core i5,0,256,Nvidia,Windows,288.0724761
519,Asus,Gaming,16,3,11.29144453,0,0,127.3356746,Intel Core i7,1000,256,Nvidia,Windows,382.0070237
520,Lenovo,Gaming,8,3.2,11.219074,0,1,141.2119981,Intel Core i7,1000,256,Nvidia,Windows,451.8783939
521,HP,Ultrabook,8,1.32,11.219074,0,1,165.6321181,Intel Core i7,0,256,Intel,Windows,218.6343958
522,Dell,Notebook,8,1.64,11.12996542,0,0,157.3505121,Intel Core i5,0,256,Intel,Windows,258.0548399
523,HP,Notebook,4,1.63,10.5108023,0,0,100.4546699,Intel Core i3,0,128,Intel,Windows,163.7411119
524,Dell,Notebook,8,2.8,10.76565826,0,1,127.3356746,Intel Core i5,1000,128,AMD,Others,356.5398888
525,Lenovo,Notebook,8,2.02,11.17598592,0,0,157.3505121,Intel Core i5,0,256,Intel,Windows,317.8480345
526,Lenovo,Notebook,4,2.2,10.65892197,0,0,141.2119981,Intel Core i7,1000,0,Nvidia,Windows,310.6663958
527,Lenovo,Notebook,8,2.2,10.10461124,0,0,100.4546699,Intel Core i3,2000,0,Nvidia,Others,221.0002737
528,Dell,Notebook,4,2.3,10.34717287,0,0,141.2119981,Intel Core i5,500,0,AMD,Windows,324.7875956
529,Dell,Notebook,8,1.9,11.20322352,0,0,141.2119981,Intel Core i5,0,256,Intel,Windows,268.3027964
530,Dell,Gaming,16,4.42,11.98617623,0,1,127.3356746,Intel Core i7,1000,128,Nvidia,Windows,562.8236816
531,Toshiba,Notebook,8,2,10.73249342,0,1,141.2119981,Intel Core i5,500,0,Intel,Windows,282.4239962
532,Asus,Notebook,8,2,11.14491104,0,1,282.4239962,Intel Core i7,1000,256,Nvidia,Windows,564.8479923
533,Mediacom,Notebook,4,1.2,9.88635767,0,1,165.6321181,Other Intel Processor,0,32,Intel,Windows,198.7585417
534,Asus,Gaming,8,2.3,11.38348535,0,1,141.2119981,Intel Core i5,1000,128,Nvidia,Windows,324.7875956
535,Dell,Notebook,8,1.93,11.19739685,0,0,141.2119981,Intel Core i7,0,256,Nvidia,Windows,272.5391563
536,Dell,Notebook,8,2.2,10.65693,0,0,141.2119981,Intel Core i5,0,256,AMD,Windows,310.6663958
537,HP,Notebook,4,1.86,9.96449738,0,0,141.2119981,Other Intel Processor,0,256,Intel,Windows,262.6543164
538,HP,Gaming,12,2.62,11.47054726,0,0,127.3356746,Intel Core i7,1000,0,Nvidia,Windows,333.6194674
539,Lenovo,Notebook,8,1.87,10.73132995,0,1,157.3505121,Intel Core i7,0,256,Nvidia,Windows,294.2454577
540,Dell,Ultrabook,8,1.2,11.219074,1,0,276.0535301,Intel Core i7,0,256,Intel,Windows,331.2642361
541,Dell,Notebook,4,1.6,10.5766145,0,0,157.3505121,Intel Core i3,0,128,Intel,Windows,251.7608194
542,HP,Ultrabook,8,1.34,11.01872094,0,1,276.0535301,Intel Core i7,0,256,Intel,Windows,369.9117303
543,Acer,Gaming,8,2.4,10.65766962,0,0,141.2119981,Intel Core i5,1000,0,Nvidia,Others,338.9087954
544,Asus,Notebook,4,2,9.830632948,0,0,100.4546699,AMD Processor,500,0,AMD,Windows,200.9093397
545,HP,Notebook,4,2.1,10.5344678,0,0,141.2119981,Intel Core i3,0,128,Intel,Windows,296.545196
546,Lenovo,Notebook,4,1.87,10.64124474,0,0,157.3505121,Intel Core i5,500,0,Intel,Windows,294.2454577
547,Lenovo,Notebook,4,2.15,10.11188321,0,0,141.2119981,Intel Core i5,1000,0,Intel,Others,303.6057959
548,HP,Notebook,4,1.86,9.959497307,0,0,141.2119981,Intel Core i3,500,0,Intel,Windows,262.6543164
549,Lenovo,Notebook,8,1.99,11.43085951,0,1,141.2119981,Intel Core i7,0,512,Intel,Windows,281.0118762
550,Lenovo,Notebook,4,2.2,10.18816712,0,0,141.2119981,Intel Core i3,0,128,Intel,Windows,310.6663958
551,Dell,Notebook,8,1.9,10.99395387,0,0,141.2119981,Intel Core i5,0,256,Intel,Windows,268.3027964
552,Dell,Gaming,16,4.42,11.87619764,0,1,127.3356746,Intel Core i7,1000,256,Nvidia,Windows,562.8236816
553,HP,Notebook,8,2.65,10.27478597,0,0,106.1130621,Intel Core i3,1000,0,Intel,Windows,281.1996147
554,HP,Notebook,8,2.63,11.13017638,0,0,127.3356746,Intel Core i7,1000,0,Nvidia,Windows,334.8928241
555,Asus,Notebook,4,2,9.387207078,0,0,100.4546699,Other Intel Processor,500,0,Intel,Others,200.9093397
556,Mediacom,Notebook,4,1.35,9.516824571,0,1,165.6321181,Other Intel Processor,0,0,Intel,Windows,223.6033594
557,Lenovo,Notebook,6,2.8,10.83096982,0,0,106.1130621,Intel Core i7,1000,128,Nvidia,Windows,297.116574
558,HP,Notebook,6,1.91,10.3192657,0,1,141.2119981,AMD Processor,0,128,AMD,Windows,269.7149163
559,Dell,Notebook,4,2.18,10.40188766,0,0,100.4546699,Intel Core i3,1000,0,AMD,Windows,218.9911803
560,Acer,2 in 1 Convertible,4,1.25,9.830632948,1,1,189.9057905,Other Intel Processor,0,0,Intel,Windows,237.3822382
561,Lenovo,Notebook,4,2.05,10.42128085,0,0,141.2119981,Intel Core i3,0,128,Intel,Windows,289.4845961
562,HP,Ultrabook,16,1.16,11.55880855,1,1,276.0535301,Other Intel Processor,0,512,Intel,Windows,320.2220949
563,Lenovo,Notebook,8,3.4,11.9815952,0,1,127.3356746,Intel Core i7,0,256,Nvidia,Windows,432.9412935
564,Asus,Notebook,8,2.5,10.70777173,0,0,141.2119981,Intel Core i5,1000,128,Nvidia,Windows,353.0299952
565,Dell,Ultrabook,8,1.21,11.35269474,1,1,331.2642361,Intel Core i5,0,128,Intel,Windows,400.8297257
566,Dell,Notebook,4,1.93,10.8414521,0,0,100.4546699,Intel Core i5,500,0,Intel,Windows,193.8775128
567,Fujitsu,Notebook,8,2.2,10.58085895,0,0,100.4546699,Intel Core i5,1000,0,Intel,Windows,221.0002737
568,Lenovo,Notebook,4,2.2,9.816202684,0,0,141.2119981,Other Intel Processor,500,0,Intel,Windows,310.6663958
569,Lenovo,Notebook,4,2.02,10.87326597,0,0,111.9352036,Intel Core i5,500,0,Intel,Windows,226.1091112
570,HP,Workstation,8,3.14,11.50442491,0,0,106.1130621,Intel Core i5,500,0,Nvidia,Windows,333.1950151
571,HP,Notebook,8,1.94,9.93914037,0,0,111.9352036,Other Intel Processor,2000,0,Intel,Windows,217.1542949
572,HP,Notebook,6,1.95,10.45099374,0,1,141.2119981,AMD Processor,0,256,AMD,Windows,275.3633963
573,Lenovo,Notebook,8,2.3,10.69698673,0,0,141.2119981,Intel Core i5,0,256,Intel,Windows,324.7875956
574,Lenovo,Notebook,4,2.05,10.50497986,0,0,141.2119981,Intel Core i5,500,0,Intel,Windows,289.4845961
575,Mediacom,Notebook,4,1.4,9.493013923,0,0,157.3505121,Other Intel Processor,0,32,Intel,Windows,220.290717
576,Toshiba,Ultrabook,16,1.24,11.50657736,1,0,157.3505121,Intel Core i7,0,512,Intel,Windows,195.1146351
577,Lenovo,Gaming,32,4.6,11.86276961,0,1,127.3356746,Intel Core i7,1000,256,Nvidia,Windows,585.744103
578,MSI,Gaming,16,4.14,11.88725155,0,0,127.3356746,Intel Core i7,1000,512,Nvidia,Windows,527.1696927
579,Dell,Notebook,8,2.2,10.59431336,0,0,141.2119981,Intel Core i7,0,256,AMD,Others,310.6663958
580,Mediacom,Notebook,4,1.45,9.93914037,0,1,157.3505121,Other Intel Processor,0,32,Intel,Windows,228.1582426
581,Dell,Notebook,8,1.9,10.89180021,0,0,100.4546699,Intel Core i5,500,0,Intel,Windows,190.8638727
582,HP,Notebook,4,1.49,10.55342238,0,0,165.6321181,Intel Core i3,0,128,Intel,Windows,246.7918559
583,Dell,Notebook,16,1.93,11.31340248,0,0,141.2119981,Intel Core i7,0,256,Nvidia,Windows,272.5391563
584,Dell,Netbook,4,1.26,9.662536383,0,0,135.0942112,Other Intel Processor,0,0,Intel,Others,170.2187061
585,MSI,Gaming,16,4.5,11.73730601,0,0,127.3356746,Intel Core i7,1000,128,Nvidia,Windows,573.0105356
586,HP,Gaming,16,3.78,11.28744719,0,1,127.3356746,Intel Core i7,1000,256,Nvidia,Windows,481.3288499
587,Lenovo,Ultrabook,12,1.4,11.39793473,0,1,157.3505121,Intel Core i7,0,256,Intel,Windows,220.290717
588,Lenovo,Notebook,12,2.2,10.38737929,1,0,100.4546699,Intel Core i7,1000,0,Intel,Windows,221.0002737
589,Asus,Gaming,8,2.73,11.45429585,0,1,127.3356746,Intel Core i5,1000,128,Nvidia,Windows,347.6263916
590,Asus,2 in 1 Convertible,8,2.2,10.58085895,1,0,100.4546699,Intel Core i5,1000,0,Intel,Windows,221.0002737
591,Lenovo,Notebook,12,2.2,10.83096982,0,0,141.2119981,AMD Processor,0,512,AMD,Windows,310.6663958
592,Dell,2 in 1 Convertible,4,1.39,10.37747822,1,0,135.0942112,Other Intel Processor,0,128,Intel,Windows,187.7809536
593,Samsung,Notebook,16,2.5,11.41335615,0,0,141.2119981,Intel Core i7,1000,128,Nvidia,Windows,353.0299952
594,Lenovo,Notebook,4,2.8,10.24654946,0,0,127.3356746,Intel Core i3,500,0,Intel,Others,356.5398888
595,Lenovo,Notebook,8,2.29,10.10461124,0,0,100.4546699,Intel Core i3,1000,0,Intel,Windows,230.041194
596,Lenovo,2 in 1 Convertible,8,1.37,11.58888601,1,1,165.6321181,Intel Core i7,0,512,Intel,Windows,226.9160017
597,Lenovo,Notebook,8,1.7,11.2712961,0,1,157.3505121,Intel Core i5,0,256,Intel,Windows,267.4958707
598,Dell,2 in 1 Convertible,8,1.34,11.39613993,1,0,176.2325736,Intel Core i5,0,256,Intel,Windows,236.1516486
599,Dell,Workstation,8,2.06,11.45033321,1,0,141.2119981,Intel Core i7,0,256,Nvidia,Windows,290.896716
600,HP,Notebook,8,1.84,11.08134716,0,0,141.2119981,Intel Core i7,0,256,Intel,Windows,259.8300765
601,HP,Notebook,4,2.1,10.4805675,0,0,100.4546699,Intel Core i3,500,0,Intel,Windows,210.9548067
602,Acer,Notebook,4,1.6,9.771618777,0,0,157.3505121,Other Intel Processor,0,0,Intel,Windows,251.7608194
603,MSI,Gaming,16,4.14,11.67131902,0,0,127.3356746,Intel Core i7,1000,128,Nvidia,Windows,527.1696927
604,Dell,Notebook,4,2.18,10.11759843,0,0,100.4546699,Intel Core i3,1000,0,AMD,Others,218.9911803
605,MSI,Gaming,16,1.8,11.71579055,0,0,282.4239962,Intel Core i7,2000,256,Nvidia,Windows,508.3631931
606,Toshiba,Notebook,8,2.2,11.219074,0,1,141.2119981,Intel Core i7,0,256,Intel,Windows,310.6663958
607,Lenovo,Notebook,6,2.4,10.31061528,0,0,141.2119981,Intel Core i5,1000,0,Intel,Windows,338.9087954
608,Lenovo,2 in 1 Convertible,8,2,11.14491104,1,1,141.2119981,Intel Core i7,0,256,Intel,Windows,282.4239962
609,Acer,Notebook,4,1.6,9.830632948,0,0,111.9352036,Other Intel Processor,0,0,Intel,Windows,179.0963257
610,Lenovo,Notebook,32,2.5,12.47234741,0,1,282.4239962,Other Intel Processor,0,1000,Nvidia,Windows,706.0599904
611,Dell,Gaming,16,2.59,10.7543573,0,0,141.2119981,Intel Core i7,1000,0,Nvidia,Windows,365.739075
612,Dell,Notebook,4,2.18,10.07116034,0,0,100.4546699,Intel Core i3,1000,0,Intel,Others,218.9911803
613,Dell,Notebook,4,2.25,9.858883415,0,0,100.4546699,Intel Core i3,1000,0,Intel,Others,226.0230072
614,Dell,Notebook,4,1.93,10.74290415,0,0,100.4546699,Intel Core i5,500,0,Intel,Others,193.8775128
615,Asus,Gaming,8,3,11.03860919,0,0,127.3356746,Intel Core i7,1000,128,Nvidia,Windows,382.0070237
616,Dell,Notebook,4,2.18,10.31944146,0,0,141.2119981,Intel Core i5,0,128,AMD,Others,307.8421558
617,HP,Ultrabook,8,1.84,11.21190037,0,0,141.2119981,Intel Core i7,0,512,Intel,Windows,259.8300765
618,MSI,Gaming,16,2.94,11.70215296,0,0,141.2119981,Intel Core i7,1000,256,Nvidia,Windows,415.1632744
619,Acer,2 in 1 Convertible,4,1.25,9.913097231,1,1,135.0942112,Other Intel Processor,0,0,Intel,Others,168.867764
620,HP,Notebook,8,2.31,11.00021006,0,0,111.9352036,Intel Core i5,0,256,Intel,Windows,258.5703202
621,Lenovo,Notebook,8,1.65,11.26517155,0,0,157.3505121,Intel Core i5,0,256,Intel,Windows,259.628345
622,Dell,Notebook,4,2.2,10.62971355,0,0,141.2119981,Intel Core i5,1000,0,AMD,Windows,310.6663958
623,Fujitsu,Notebook,8,2.2,10.65892197,0,0,100.4546699,Intel Core i5,0,256,Intel,Windows,221.0002737
624,HP,Notebook,4,1.88,10.81289384,0,0,100.4546699,Intel Core i5,500,0,Intel,Windows,188.8547793
625,Lenovo,Notebook,8,2.2,10.77684406,0,0,141.2119981,Intel Core i7,1000,0,Nvidia,Windows,310.6663958
626,Mediacom,Notebook,2,1.4,9.452024578,0,0,157.3505121,Other Intel Processor,0,0,Intel,Windows,220.290717
627,Lenovo,Notebook,4,2.2,10.12402932,0,0,141.2119981,Intel Core i5,0,128,Intel,Others,310.6663958
628,Asus,2 in 1 Convertible,6,1.5,10.43548113,1,0,165.6321181,Intel Core i5,1000,0,Intel,Windows,248.4481771
629,Dell,Notebook,8,2,11.48215281,0,0,141.2119981,Intel Core i7,0,256,Nvidia,Windows,282.4239962
630,Asus,Ultrabook,16,1.1,11.52517019,0,0,157.3505121,Intel Core i7,0,512,Intel,Windows,173.0855634
631,Dell,Gaming,16,2.62,11.27468249,0,0,141.2119981,Intel Core i7,1000,256,Nvidia,Windows,369.975435
632,Lenovo,Notebook,4,1.8,10.69578118,0,0,141.2119981,Intel Core i5,0,256,Intel,Windows,254.1815965
633,Lenovo,Notebook,4,2.2,10.3368635,0,0,141.2119981,Intel Core i3,1000,0,Nvidia,Windows,310.6663958
634,Asus,Notebook,8,2,9.964522443,0,0,100.4546699,Other Intel Processor,1000,0,Intel,Windows,200.9093397
635,Asus,Notebook,8,1.99,10.78528442,0,0,141.2119981,Intel Core i5,1000,0,Nvidia,Windows,281.0118762
636,Dell,Ultrabook,8,1.23,11.50871983,1,0,276.0535301,Intel Core i5,0,256,Intel,Windows,339.545842
637,Lenovo,Notebook,2,1.42,9.493013923,0,0,111.9352036,Other Intel Processor,0,0,Intel,Windows,158.9479891
638,Lenovo,2 in 1 Convertible,8,1.37,11.44716313,1,1,165.6321181,Intel Core i7,0,256,Intel,Windows,226.9160017
639,Dell,Notebook,16,2.06,11.75836829,1,0,282.4239962,Intel Core i7,0,1000,Nvidia,Windows,581.7934321
640,Lenovo,Gaming,8,2.5,10.98677501,0,1,141.2119981,Intel Core i7,1000,128,Nvidia,Windows,353.0299952
641,HP,Notebook,8,2.6,10.23111911,0,0,107.9856456,AMD Processor,1000,0,AMD,Windows,280.7626785
642,Lenovo,Ultrabook,16,1.14,11.77940433,0,1,157.3505121,Intel Core i7,0,512,Intel,Windows,179.3795838
643,Asus,Gaming,8,2.5,11.03946499,0,1,141.2119981,Intel Core i7,1000,0,Nvidia,Others,353.0299952
644,Acer,Notebook,4,2.4,10.08480861,0,0,100.4546699,Intel Core i3,500,0,Intel,Windows,241.0912077
645,Lenovo,Notebook,4,1.43,9.588689133,0,0,111.9352036,Other Intel Processor,0,0,Intel,Windows,160.0673411
646,Acer,Ultrabook,8,1.8,10.79884715,0,1,157.3505121,Intel Core i5,0,256,Intel,Windows,283.2309219
647,Razer,Gaming,16,1.95,11.83844306,0,0,157.3505121,Intel Core i7,0,256,Nvidia,Windows,306.8334987
648,Toshiba,Notebook,8,1.2,11.07641294,0,0,165.6321181,Intel Core i5,0,256,Intel,Windows,198.7585417
649,Lenovo,Ultrabook,8,1.36,11.3432696,0,1,176.2325736,Intel Core i7,0,256,Intel,Windows,239.6763001
650,Asus,Gaming,32,3.8,11.91257852,0,1,127.3356746,Intel Core i7,0,512,Nvidia,Windows,483.8755634
651,Acer,Gaming,8,2.4,10.53941655,0,0,141.2119981,Intel Core i5,1000,0,Nvidia,Others,338.9087954
652,Dell,Ultrabook,8,1.2,11.25481089,0,0,165.6321181,Intel Core i5,0,256,Intel,Windows,198.7585417
653,MSI,Gaming,8,2.2,11.05878107,0,0,141.2119981,Intel Core i7,1000,128,Nvidia,Windows,310.6663958
654,HP,Notebook,4,1.86,9.87518437,0,0,100.4546699,Intel Core i3,500,0,Intel,Others,186.8456859
655,Toshiba,Notebook,8,2,10.9453517,0,1,141.2119981,Intel Core i5,500,0,Intel,Windows,282.4239962
656,Dell,Notebook,8,2.2,10.79884715,0,0,141.2119981,Intel Core i7,0,256,AMD,Windows,310.6663958
657,Dell,Notebook,16,2.2,11.00994896,0,0,141.2119981,Intel Core i7,2000,256,AMD,Windows,310.6663958
658,Lenovo,Gaming,8,3.31,11.06229896,0,1,141.2119981,Intel Core i7,1000,128,Nvidia,Windows,467.4117137
659,Dell,Gaming,32,4.42,12.02988349,0,1,254.6713491,Intel Core i7,1000,512,Nvidia,Windows,1125.647363
660,Dell,Notebook,8,1.56,11.08951714,0,0,157.3505121,Intel Core i5,0,256,Intel,Windows,245.466799
661,Lenovo,Notebook,4,2.2,10.01343195,0,0,100.4546699,Other Intel Processor,500,0,Intel,Windows,221.0002737
662,Lenovo,Notebook,4,2.2,10.25782777,0,0,141.2119981,Intel Core i5,500,0,Intel,Windows,310.6663958
663,HP,Notebook,6,2.04,10.2652766,0,0,141.2119981,Intel Core i3,1000,0,AMD,Windows,288.0724761
664,MSI,Gaming,8,2.7,11.27992229,0,0,127.3356746,Intel Core i7,1000,128,Nvidia,Windows,343.8063213
665,Toshiba,Notebook,4,2.1,10.1861611,0,0,100.4546699,Intel Core i3,0,128,Intel,Windows,210.9548067
666,Dell,Notebook,8,2.06,10.83727237,0,0,141.2119981,Intel Core i5,1000,0,Intel,Windows,290.896716
667,HP,Notebook,8,2.1,10.58894524,0,0,141.2119981,Intel Core i7,1000,0,AMD,Windows,296.545196
668,Toshiba,Notebook,8,2,11.11283946,0,1,141.2119981,Intel Core i5,0,256,Intel,Windows,282.4239962
669,Acer,Notebook,4,2.1,9.996584376,0,0,100.4546699,Intel Core i3,0,128,Intel,Others,210.9548067
670,Microsoft,Ultrabook,8,1.252,11.50810434,1,0,200.8425599,Intel Core i7,0,256,Intel,Windows,251.454885
671,Lenovo,Notebook,8,1.9,10.68236224,0,0,141.2119981,Intel Core i5,1000,128,AMD,Windows,268.3027964
672,Lenovo,2 in 1 Convertible,8,1.3,10.91675108,1,1,165.6321181,Intel Core i5,0,256,Intel,Windows,215.3217535
673,Lenovo,Notebook,4,2.2,9.830632948,0,0,100.4546699,AMD Processor,0,128,AMD,Windows,221.0002737
674,HP,2 in 1 Convertible,4,1.63,10.52521177,1,1,157.3505121,Intel Core i3,0,128,Nvidia,Windows,256.4813348
675,MSI,Gaming,16,2.4,11.1410545,0,0,141.2119981,Intel Core i7,1000,256,Nvidia,Windows,338.9087954
676,Asus,Ultrabook,8,1.1,11.00994896,0,0,157.3505121,Intel Core i5,0,256,Intel,Windows,173.0855634
677,HP,2 in 1 Convertible,8,1.4,10.18011879,1,0,135.0942112,Other Intel Processor,0,0,Intel,Others,189.1318957
678,LG,Ultrabook,8,1.09,11.71579055,0,1,141.2119981,Intel Core i7,0,512,Intel,Windows,153.9210779
679,Acer,Gaming,16,2.5,11.14491104,0,0,141.2119981,Intel Core i5,0,256,Nvidia,Windows,353.0299952
680,MSI,Gaming,8,2.2,10.8812141,0,0,141.2119981,Intel Core i5,0,256,Nvidia,Windows,310.6663958
681,Asus,Notebook,4,1.86,10.01343195,0,0,100.4546699,Other Intel Processor,0,128,Intel,Windows,186.8456859
682,Dell,Gaming,16,3.21,11.60164378,0,0,141.2119981,Intel Core i5,1000,128,Nvidia,Windows,453.2905138
683,HP,Notebook,4,2.5,10.52521177,0,1,127.3356746,Intel Core i3,0,256,AMD,Windows,318.3391864
684,Lenovo,2 in 1 Convertible,8,1.19,11.28811452,1,1,165.6321181,Intel Core i7,0,512,Intel,Windows,197.1022205
685,Dell,Gaming,16,3.49,11.91783442,0,0,141.2119981,Intel Core i7,1000,256,Nvidia,Windows,492.8298733
686,HP,Notebook,4,1.86,10.39328954,0,0,100.4546699,Intel Core i5,500,0,AMD,Windows,186.8456859
687,Dell,Notebook,4,2.2,10.27757542,0,0,100.4546699,Intel Core i3,1000,0,AMD,Windows,221.0002737
688,HP,Notebook,6,2.65,10.31944146,0,1,127.3356746,AMD Processor,2000,0,AMD,Windows,337.4395376
689,Lenovo,Notebook,4,2.1,9.737612409,0,0,100.4546699,Other Intel Processor,500,0,Intel,Windows,210.9548067
690,Acer,Notebook,4,1.45,9.902487052,0,0,111.9352036,Other Intel Processor,0,0,Intel,Others,162.3060452
691,Lenovo,Notebook,4,1.7,10.52521177,0,0,157.3505121,Intel Core i5,0,256,Intel,Windows,267.4958707
692,HP,Workstation,8,3.14,11.52936664,0,0,127.3356746,Intel Core i7,500,0,Nvidia,Windows,399.8340182
693,Lenovo,2 in 1 Convertible,8,1.42,11.83497418,1,0,209.8006829,Intel Core i7,0,256,Intel,Windows,297.9169697
694,Toshiba,Notebook,8,1.5,10.85594511,0,1,165.6321181,Intel Core i5,0,256,Intel,Windows,248.4481771
695,Acer,Netbook,4,1.4,9.570272406,0,0,135.0942112,Other Intel Processor,0,0,Intel,Windows,189.1318957
696,Lenovo,2 in 1 Convertible,16,1.38,11.4423605,1,0,157.3505121,Intel Core i7,0,512,Intel,Windows,217.1437068
697,Asus,2 in 1 Convertible,4,1.2,10.48134509,1,0,176.2325736,Other Intel Processor,0,0,Intel,Others,211.4790883
698,Toshiba,Ultrabook,16,1.36,11.51299106,1,0,165.6321181,Intel Core i7,0,512,Intel,Windows,225.2596805
699,HP,Notebook,4,2.1,10.5108023,0,1,141.2119981,Intel Core i7,500,0,AMD,Windows,296.545196
700,Dell,Gaming,8,2.56,10.68364511,0,0,141.2119981,Intel Core i5,1000,0,Nvidia,Windows,361.5027151
701,Lenovo,Notebook,4,2.2,9.964522443,0,0,141.2119981,AMD Processor,0,256,AMD,Windows,310.6663958
702,Lenovo,Notebook,8,2.2,10.03701795,0,0,100.4546699,AMD Processor,1000,0,AMD,Windows,221.0002737
703,Lenovo,Notebook,4,2.1,10.40761648,0,0,141.2119981,Intel Core i5,2000,0,Intel,Windows,296.545196
704,Lenovo,Notebook,4,1.9,10.08480861,0,0,100.4546699,Intel Core i3,500,0,Intel,Others,190.8638727
705,Dell,Notebook,8,2.18,10.65390314,0,0,141.2119981,Intel Core i5,0,256,Intel,Windows,307.8421558
706,Acer,2 in 1 Convertible,8,1.6,10.8823158,1,1,165.6321181,Intel Core i5,0,256,Intel,Windows,265.0113889
707,Lenovo,Workstation,16,2.18,11.501201,0,0,141.2119981,Intel Core i7,0,512,Nvidia,Windows,307.8421558
708,Lenovo,Notebook,8,1.8,11.0581096,0,0,157.3505121,Intel Core i5,0,256,Intel,Windows,283.2309219
709,HP,Notebook,6,2.71,10.46021153,0,1,127.3356746,AMD Processor,2000,0,AMD,Windows,345.0796781
710,Lenovo,Gaming,8,2.5,11.10565954,0,1,141.2119981,Intel Core i7,1000,128,Nvidia,Windows,353.0299952
711,Dell,Notebook,8,1.64,10.96857615,0,0,157.3505121,Intel Core i5,0,256,Nvidia,Others,258.0548399
712,Dell,Notebook,8,1.98,10.56311104,0,0,141.2119981,Intel Core i5,1000,0,Intel,Others,279.5997562
713,Asus,Notebook,4,1.5,9.672654513,0,0,157.3505121,Other Intel Processor,0,0,Intel,Windows,236.0257682
714,Dell,Notebook,16,1.93,11.23865235,0,0,141.2119981,Intel Core i5,0,512,Intel,Windows,272.5391563
715,Lenovo,Notebook,8,1.87,10.72908062,0,1,157.3505121,Intel Core i5,0,256,Nvidia,Windows,294.2454577
716,Dell,Notebook,8,1.9,11.04798293,0,0,141.2119981,Intel Core i5,0,256,Intel,Windows,268.3027964
717,Lenovo,Notebook,4,2.19,9.672654513,0,0,100.4546699,AMD Processor,500,0,AMD,Windows,219.995727
718,Mediacom,Notebook,4,1.4,9.555290852,0,1,161.7253908,Other Intel Processor,32,0,Intel,Windows,226.4155472
719,HP,Notebook,8,2.63,11.06563786,0,0,127.3356746,Intel Core i7,0,256,Nvidia,Windows,334.8928241
720,Lenovo,Ultrabook,8,1.17,11.40605469,0,1,209.8006829,Intel Core i7,0,512,Intel,Windows,245.466799
721,HP,2 in 1 Convertible,8,1.58,10.70490709,1,1,117.8265301,Intel Core i5,0,256,Intel,Windows,186.1659175
722,Lenovo,Ultrabook,8,1.32,11.28811452,0,1,157.3505121,Intel Core i5,0,256,Intel,Windows,207.702676
723,Dell,Gaming,32,4.36,12.1806155,0,0,254.6713491,Intel Core i7,1000,1000,Nvidia,Windows,1110.367082
724,MSI,Gaming,8,2.7,11.18229434,0,0,127.3356746,Intel Core i7,1000,128,Nvidia,Windows,343.8063213
725,Lenovo,Notebook,4,1.9,10.16976231,0,0,100.4546699,Intel Core i5,1000,0,Intel,Others,190.8638727
726,Dell,Notebook,8,2.2,10.55342238,0,0,141.2119981,Intel Core i5,1000,128,AMD,Windows,310.6663958
727,Dell,2 in 1 Convertible,4,1.71,10.45099374,1,0,165.6321181,Intel Core i3,1000,0,Intel,Windows,283.2309219
728,Dell,Notebook,8,2.32,10.35486967,0,0,100.4546699,Intel Core i5,1000,0,AMD,Others,233.0548341
729,HP,Notebook,4,2.1,10.16792352,0,0,141.2119981,AMD Processor,1000,0,AMD,Windows,296.545196
730,Acer,Gaming,16,4.2,11.54342363,0,1,127.3356746,Intel Core i7,1000,128,Nvidia,Windows,534.8098332
731,Dell,Notebook,12,2.25,10.45099374,0,0,100.4546699,Intel Core i5,1000,0,Intel,Windows,226.0230072
732,HP,Notebook,6,2.1,10.45253339,0,0,141.2119981,AMD Processor,1000,128,AMD,Windows,296.545196
733,Acer,Notebook,4,2.4,10.3017105,0,0,100.4546699,Intel Core i5,500,0,Intel,Windows,241.0912077
734,Lenovo,Notebook,8,1.44,10.84249431,0,1,165.6321181,Intel Core i5,0,256,Intel,Windows,238.51025
735,Lenovo,Notebook,4,1.85,10.63357207,0,0,141.2119981,Intel Core i7,1000,0,Intel,Windows,261.2421965
736,HP,Workstation,16,2.6,11.76667054,0,0,141.2119981,Intel Core i7,0,256,Nvidia,Windows,367.151195
737,Dell,2 in 1 Convertible,8,1.55,10.46628456,1,0,165.6321181,Intel Core i5,1000,0,Intel,Windows,256.729783
738,MSI,Gaming,16,1.8,11.62262162,0,0,141.2119981,Intel Core i7,1000,256,Nvidia,Windows,254.1815965
739,Acer,Notebook,4,2.4,9.993667504,0,0,100.4546699,Intel Core i3,500,0,Intel,Windows,241.0912077
740,Dell,Notebook,8,2,11.07145425,0,0,141.2119981,Intel Core i7,1000,128,Nvidia,Windows,282.4239962
741,Dell,Notebook,8,2,10.47534807,0,0,100.4546699,Intel Core i3,0,256,Intel,Windows,200.9093397
742,Toshiba,Notebook,8,1.25,11.31184669,1,1,157.3505121,Intel Core i5,0,256,Intel,Windows,196.6881402
743,Lenovo,2 in 1 Convertible,8,1.7,10.8823158,1,0,157.3505121,Intel Core i5,0,256,Intel,Windows,267.4958707
744,Lenovo,Workstation,16,2.5,12.0769357,0,1,282.4239962,Intel Core i7,0,1000,Nvidia,Windows,706.0599904
745,Acer,Notebook,2,1.68,9.774653681,0,0,111.9352036,Other Intel Processor,0,0,Intel,Others,188.051142
746,Samsung,Ultrabook,16,0.81,11.38348535,0,0,165.6321181,Intel Core i7,0,256,Intel,Windows,134.1620156
747,HP,Notebook,8,1.86,10.2652766,0,0,141.2119981,Intel Core i3,0,256,Intel,Windows,262.6543164
748,Dell,Notebook,8,1.6,11.00261819,0,0,111.9352036,Intel Core i5,0,256,Intel,Windows,179.0963257
749,HP,Workstation,16,3,12.36241772,0,1,127.3356746,Other Intel Processor,0,256,Nvidia,Windows,382.0070237
750,Lenovo,Netbook,4,1.4,10.13887583,1,0,135.0942112,Other Intel Processor,0,128,Intel,Windows,189.1318957
751,HP,Notebook,8,1.84,11.52517019,0,0,141.2119981,Intel Core i5,0,256,Intel,Windows,259.8300765
752,Asus,Notebook,4,2.45,10.3368635,0,0,100.4546699,Intel Core i5,1000,0,Nvidia,Others,246.1139412
753,Lenovo,Ultrabook,4,1.7,10.97498349,0,0,157.3505121,Intel Core i5,0,180,Intel,Windows,267.4958707
754,Asus,Notebook,4,2.37,10.72067972,0,0,100.4546699,Intel Core i7,0,256,Intel,Windows,238.0775676
755,Lenovo,2 in 1 Convertible,8,1.3,11.06480418,1,1,276.0535301,Intel Core i5,0,256,Intel,Windows,358.8695891
756,HP,Notebook,8,2.2,10.97771698,0,1,141.2119981,Intel Core i5,1000,128,Nvidia,Windows,310.6663958
757,HP,Workstation,8,2.59,11.32864295,0,0,141.2119981,Intel Core i7,0,256,Nvidia,Windows,365.739075
758,Dell,Gaming,16,4.42,11.93727636,0,1,282.4239962,Intel Core i7,1000,256,Nvidia,Windows,1248.314063
759,Acer,Notebook,4,2.1,10.37082262,0,0,100.4546699,Intel Core i5,0,256,Intel,Windows,210.9548067
760,Lenovo,Gaming,8,2.5,10.93019989,0,1,141.2119981,Intel Core i7,1000,128,Nvidia,Windows,353.0299952
761,Dell,Ultrabook,16,1.18,11.50335501,0,0,176.2325736,Intel Core i7,0,256,Intel,Windows,207.9544369
762,Google,Ultrabook,8,1.1,11.3273609,1,0,234.5074,Intel Core i5,0,256,Intel,Others,257.95814
763,Asus,Ultrabook,8,1.2,11.00464859,0,1,276.0535301,Intel Core i5,0,256,Intel,Windows,331.2642361
764,Dell,Notebook,4,1.65,10.71962021,0,0,117.8265301,Intel Core i3,500,0,Intel,Windows,194.4137746
765,Acer,Notebook,4,1.6,10.46019626,0,0,117.8265301,Intel Core i5,0,128,Intel,Windows,188.5224481
766,Asus,Notebook,4,2.8,10.12901686,0,0,90.58340172,Other Intel Processor,1000,0,Nvidia,Windows,253.6335248
767,Dell,Gaming,16,2.72,10.97771698,1,1,282.4239962,Intel Core i7,1000,128,Nvidia,Windows,768.1932696
768,Samsung,Ultrabook,8,1.31,11.35269474,1,0,165.6321181,Intel Core i7,0,256,Intel,Windows,216.9780746
769,Acer,Notebook,4,2.1,9.672654513,0,0,100.4546699,Other Intel Processor,1000,0,Intel,Others,210.9548067
770,Dell,Notebook,16,2.3,11.04990644,0,0,141.2119981,Intel Core i7,0,256,AMD,Windows,324.7875956
771,Samsung,2 in 1 Convertible,16,1.71,11.47054726,1,0,146.860478,Intel Core i7,0,256,AMD,Windows,251.1314174
772,Toshiba,Notebook,4,1.75,10.90311893,0,1,111.9352036,Intel Core i5,0,128,Intel,Windows,195.8866062
773,Dell,Gaming,8,2.62,10.97771698,0,0,141.2119981,Intel Core i7,1000,0,Nvidia,Windows,369.975435
774,HP,Ultrabook,4,1.26,11.1016483,0,0,125.367428,Intel Core i5,0,256,Intel,Windows,157.9629593
775,Asus,2 in 1 Convertible,12,2.3,10.70777173,1,0,141.2119981,Intel Core i7,2000,0,Nvidia,Windows,324.7875956
776,Lenovo,Notebook,16,2.5,11.74620626,0,0,282.4239962,Intel Core i7,0,512,Nvidia,Windows,706.0599904
777,Acer,Notebook,4,1.8,10.43075959,0,1,157.3505121,Intel Core i3,0,128,Intel,Windows,283.2309219
778,Razer,Gaming,16,1.95,11.94768216,0,0,157.3505121,Intel Core i7,0,512,Nvidia,Windows,306.8334987
779,Asus,Notebook,8,2,10.34185964,0,0,141.2119981,Other Intel Processor,0,128,Intel,Windows,282.4239962
780,Dell,Gaming,32,4.42,12.16113419,0,1,127.3356746,Intel Core i7,1000,1000,Nvidia,Windows,562.8236816
781,Asus,Gaming,16,4.3,11.73773163,0,1,127.3356746,Intel Core i7,1000,256,Nvidia,Windows,547.5434007
782,Toshiba,Ultrabook,16,1.47,11.45090026,0,1,157.3505121,Intel Core i7,0,512,Nvidia,Windows,231.3052529
783,Lenovo,Notebook,8,2.2,9.771618777,0,0,100.4546699,Other Intel Processor,1000,0,Intel,Others,221.0002737
784,Lenovo,Ultrabook,16,1.7,11.71579055,0,0,157.3505121,Intel Core i7,0,512,Intel,Windows,267.4958707
785,MSI,Gaming,16,1.6,11.52042209,0,1,157.3505121,Intel Core i7,1000,256,Nvidia,Windows,251.7608194
786,MSI,Gaming,8,2.2,10.96857615,0,0,141.2119981,Intel Core i5,1000,128,Nvidia,Windows,310.6663958
787,Lenovo,Gaming,4,2.4,10.8823158,0,1,141.2119981,Intel Core i7,1000,0,Nvidia,Windows,338.9087954
788,Acer,Gaming,16,4.2,11.71579055,0,1,127.3356746,Intel Core i7,1000,256,Nvidia,Windows,534.8098332
789,Dell,Gaming,8,2.62,10.86820267,0,0,141.2119981,Intel Core i5,0,256,Nvidia,Windows,369.975435
790,Asus,Gaming,8,2.24,11.17523937,0,0,141.2119981,Intel Core i7,1000,128,Nvidia,Windows,316.3148757
791,Vero,Notebook,4,1.22,9.288274273,0,0,157.3505121,Other Intel Processor,0,0,Intel,Windows,191.9676248
792,Lenovo,2 in 1 Convertible,8,1.37,11.56134985,1,1,165.6321181,Intel Core i7,0,512,Intel,Windows,226.9160017
793,Lenovo,2 in 1 Convertible,8,2.08,10.8414521,1,0,141.2119981,Intel Core i5,0,256,AMD,Windows,293.720956
794,Apple,Ultrabook,8,0.92,11.03603739,0,1,226.4155472,Other Intel Processor,0,0,Intel,Mac,208.3023034
795,Lenovo,2 in 1 Convertible,8,1.42,11.72918457,1,1,209.8006829,Intel Core i5,0,256,Intel,Windows,297.9169697
796,Asus,Notebook,4,1.63,9.6760046,0,0,111.9352036,Other Intel Processor,0,0,Intel,Windows,182.4543818
797,Dell,Notebook,8,1.95,10.67259527,0,0,100.4546699,Intel Core i5,0,128,Intel,Windows,195.8866062
798,Lenovo,2 in 1 Convertible,8,1.38,11.18267988,1,1,158.4825302,Intel Core i7,0,256,Intel,Windows,218.7058917
799,Dell,Notebook,8,2,10.58085895,0,0,141.2119981,Intel Core i3,0,256,AMD,Windows,282.4239962
800,HP,Workstation,8,3.14,11.6083981,0,0,141.2119981,Intel Core i7,0,256,Nvidia,Windows,443.405674
801,Asus,Notebook,8,2.37,10.97771698,0,0,141.2119981,Intel Core i5,0,256,Intel,Windows,334.6724355
802,Dell,Ultrabook,8,1.29,11.28811452,0,0,165.6321181,Intel Core i5,0,256,Intel,Windows,213.6654323
803,Dell,Notebook,8,2.06,11.4423605,1,0,282.4239962,Intel Core i5,0,256,Nvidia,Windows,581.7934321
804,Dell,Netbook,4,1.63,10.58760206,0,0,135.0942112,Other Intel Processor,0,128,Intel,Windows,220.2035642
805,HP,Netbook,8,1.26,11.21190037,0,0,125.367428,Intel Core i5,0,256,Intel,Windows,157.9629593
806,Toshiba,Notebook,4,2.1,10.63485495,0,0,100.4546699,Intel Core i5,500,0,Intel,Windows,210.9548067
807,HP,Notebook,8,2.04,10.41969228,0,0,100.4546699,AMD Processor,2000,0,AMD,Windows,204.9275265
808,Dell,Gaming,16,2.62,11.40151468,0,0,282.4239962,Intel Core i7,0,512,Nvidia,Windows,739.95087
809,Lenovo,Notebook,4,2.4,10.38737929,0,0,141.2119981,Intel Core i5,1000,0,Nvidia,Windows,338.9087954
810,HP,Gaming,12,3.74,11.4423605,0,1,127.3356746,Intel Core i7,1000,0,AMD,Windows,476.2354229
811,MSI,Gaming,16,2.9,11.76501559,0,0,127.3356746,Intel Core i7,1000,512,Nvidia,Windows,369.2734563
812,Samsung,Ultrabook,8,0.81,11.28811452,0,0,165.6321181,Intel Core i5,0,256,Intel,Windows,134.1620156
813,Dell,Notebook,8,1.98,10.84353544,0,0,141.2119981,Intel Core i7,1000,0,Nvidia,Windows,279.5997562
814,Dell,Notebook,8,2.18,10.64735344,0,0,141.2119981,Intel Core i5,0,256,AMD,Windows,307.8421558
815,Lenovo,Ultrabook,8,1.32,11.50335501,0,0,157.3505121,Intel Core i7,0,256,Intel,Windows,207.702676
816,Razer,Ultrabook,16,1.29,11.47054726,1,1,352.4651472,Intel Core i7,0,512,Intel,Windows,454.6800399
817,HP,Netbook,4,1.23,9.928804361,0,0,135.0942112,Other Intel Processor,0,0,Intel,Others,166.1658798
818,Dell,Gaming,16,4.36,11.80161302,0,1,127.3356746,Intel Core i7,1000,128,Nvidia,Windows,555.1835411
819,Dell,Notebook,4,1.76,10.60227878,0,0,111.9352036,Intel Core i5,500,0,Intel,Windows,197.0059583
820,Lenovo,Notebook,4,2.1,10.16976231,0,0,100.4546699,Intel Core i3,500,0,Intel,Windows,210.9548067
821,Toshiba,Ultrabook,4,1.25,10.969494,0,0,111.9352036,Intel Core i5,0,128,Intel,Windows,139.9190044
822,Lenovo,Ultrabook,8,1.13,11.79920696,0,1,157.3505121,Intel Core i7,0,512,Intel,Windows,177.8060787
823,MSI,Gaming,8,2.4,11.06480418,0,0,141.2119981,Intel Core i5,0,256,Nvidia,Windows,338.9087954
824,Lenovo,Ultrabook,8,1.13,11.51192496,0,1,157.3505121,Intel Core i5,0,0,Intel,Windows,177.8060787
825,Toshiba,Notebook,4,1.75,10.18816712,0,0,111.9352036,Other Intel Processor,0,128,Intel,Windows,195.8866062
826,Asus,2 in 1 Convertible,8,1.1,11.18932933,1,0,165.6321181,Intel Core i5,0,256,Intel,Windows,182.1953299
827,Dell,Notebook,4,1.76,10.34717287,0,0,111.9352036,Intel Core i3,500,0,Intel,Windows,197.0059583
828,Acer,Netbook,4,1.35,9.847678816,0,1,135.0942112,Other Intel Processor,0,0,Intel,Others,182.3771851
829,Acer,Notebook,8,1.5,10.4036663,0,1,157.3505121,Intel Core i3,0,128,Intel,Windows,236.0257682
830,Razer,Gaming,32,3.49,12.58788256,1,0,254.6713491,Intel Core i7,0,512,Nvidia,Windows,888.8030085
831,Lenovo,Ultrabook,16,1.1,11.62477735,0,1,209.8006829,Intel Core i7,0,512,Intel,Windows,230.7807512
832,Asus,Notebook,4,2.1,10.22746491,0,0,141.2119981,Intel Core i5,1000,0,Nvidia,Others,296.545196
833,Lenovo,Notebook,8,1.7,11.05390261,0,0,157.3505121,Intel Core i5,0,256,Intel,Windows,267.4958707
834,Lenovo,Notebook,8,1.32,11.38409159,0,1,157.3505121,Intel Core i5,0,256,Intel,Windows,207.702676
835,Dell,Gaming,16,3.21,11.90383371,0,0,141.2119981,Intel Core i7,1000,256,Nvidia,Windows,453.2905138
836,Asus,Gaming,16,2.9,11.76667054,0,0,127.3356746,Intel Core i7,1000,256,Nvidia,Windows,369.2734563
837,Toshiba,Notebook,4,2,10.48134509,0,0,100.4546699,Intel Core i3,500,0,Intel,Windows,200.9093397
838,Lenovo,Notebook,4,1.5,9.759386209,0,0,111.9352036,Other Intel Processor,0,0,Intel,Others,167.9028053
839,Asus,Notebook,8,2.3,10.35568356,0,0,141.2119981,Intel Core i5,128,0,Intel,Windows,324.7875956
840,Asus,Gaming,16,2.73,11.47054726,0,0,127.3356746,Intel Core i7,1000,512,Nvidia,Windows,347.6263916
841,Dell,Gaming,32,4.42,12.00593479,0,1,127.3356746,Intel Core i7,1000,512,Nvidia,Windows,562.8236816
842,HP,Notebook,8,2.63,10.78900563,0,0,106.1130621,Intel Core i5,1000,0,Nvidia,Windows,279.0773534
843,Dell,Notebook,8,2.18,10.54642998,0,0,100.4546699,Intel Core i5,0,128,Intel,Windows,218.9911803
844,HP,Ultrabook,8,1.54,11.50925474,0,0,157.3505121,Intel Core i7,0,512,Intel,Windows,242.3197887
845,Dell,Notebook,4,2.18,10.58085895,0,0,141.2119981,Intel Core i7,0,256,AMD,Windows,307.8421558
846,HP,2 in 1 Convertible,4,1.4,10.39718329,1,0,135.0942112,Other Intel Processor,0,0,Intel,Others,189.1318957
847,Asus,Ultrabook,8,1.45,10.90898405,0,1,165.6321181,Intel Core i5,0,512,Nvidia,Windows,240.1665712
848,HP,2 in 1 Convertible,8,1.28,11.70617509,1,0,165.6321181,Intel Core i5,0,256,Intel,Windows,212.0091111
849,HP,Ultrabook,8,1.54,11.26721724,0,0,157.3505121,Intel Core i7,0,512,Intel,Windows,242.3197887
850,HP,Notebook,4,1.86,9.6760046,0,0,100.4546699,Other Intel Processor,0,128,Intel,Others,186.8456859
851,Asus,Gaming,16,2.1,11.52464374,0,0,141.2119981,Intel Core i7,1000,128,Nvidia,Windows,296.545196
852,Dell,Notebook,8,2.83,10.73829053,0,0,127.3356746,Intel Core i7,1000,0,AMD,Others,360.359959
853,Lenovo,Ultrabook,8,1.96,11.52674789,0,1,157.3505121,Intel Core i7,0,256,Nvidia,Windows,308.4070038
854,Asus,Notebook,8,2.3,10.64378927,0,1,141.2119981,Intel Core i7,0,256,Nvidia,Windows,324.7875956
855,Dell,Notebook,8,1.9,10.82674595,0,0,141.2119981,Intel Core i5,0,128,Intel,Windows,268.3027964
856,Asus,Notebook,4,2,10.08258391,0,0,100.4546699,Other Intel Processor,1000,0,Intel,Windows,200.9093397
857,HP,2 in 1 Convertible,8,1.28,11.82293286,1,0,165.6321181,Intel Core i7,0,256,Intel,Windows,212.0091111
858,Dell,Notebook,8,1.62,10.45099374,1,0,165.6321181,Intel Core i5,1000,0,Intel,Windows,268.3240312
859,Lenovo,Notebook,4,2.2,10.12616379,0,0,141.2119981,Intel Core i3,1000,0,Intel,Others,310.6663958
860,Lenovo,Notebook,8,2.3,10.72157355,0,1,141.2119981,Intel Core i5,1000,0,Intel,Windows,324.7875956
861,HP,Notebook,8,1.84,11.18267988,0,0,141.2119981,Intel Core i5,0,256,AMD,Windows,259.8300765
862,Toshiba,Notebook,4,1.05,11.13407502,0,0,165.6321181,Intel Core i5,0,128,Intel,Windows,173.913724
863,Lenovo,Gaming,8,2.5,10.90017342,0,1,141.2119981,Intel Core i5,1000,0,Nvidia,Others,353.0299952
864,Dell,Ultrabook,16,1.29,11.68979217,1,0,276.0535301,Intel Core i7,0,512,Intel,Windows,356.1090538
865,HP,Notebook,4,2.07,10.78900563,0,0,141.2119981,Intel Core i5,500,0,Intel,Windows,292.308836
866,Toshiba,Ultrabook,8,1.2,10.97407067,0,0,117.8265301,Intel Core i5,0,256,Intel,Windows,141.3918361
867,Lenovo,2 in 1 Convertible,8,1.37,11.55114568,1,1,165.6321181,Intel Core i7,0,256,Intel,Windows,226.9160017
868,Acer,Notebook,8,1.56,10.78017555,0,1,157.3505121,Intel Core i5,0,256,Intel,Windows,245.466799
869,Dell,Workstation,8,2.23,11.45880544,0,0,141.2119981,Intel Core i7,1000,0,Nvidia,Windows,314.9027557
870,Lenovo,Notebook,4,2.38,10.93685707,0,0,100.4546699,Intel Core i5,500,0,Intel,Windows,239.0821143
871,Lenovo,Notebook,4,2.2,10.14726162,0,0,141.2119981,Intel Core i3,1000,0,AMD,Others,310.6663958
872,Toshiba,Notebook,8,2,11.21118017,0,1,141.2119981,Intel Core i7,0,256,Intel,Windows,282.4239962
873,Lenovo,Notebook,4,1.44,10.57543153,0,1,165.6321181,Intel Core i3,0,180,Intel,Windows,238.51025
874,Samsung,Ultrabook,16,1.23,11.49796126,0,0,146.860478,Intel Core i7,0,256,Nvidia,Windows,180.6383879
875,Dell,Ultrabook,8,1.6,11.40804483,0,0,176.2325736,Intel Core i7,0,256,Intel,Windows,281.9721178
876,Asus,Notebook,4,2,9.96449738,0,0,100.4546699,Other Intel Processor,1000,0,Intel,Others,200.9093397
877,Xiaomi,Ultrabook,8,1.28,10.81610756,0,1,165.6321181,Intel Core i5,0,256,Nvidia,Windows,212.0091111
878,Dell,Notebook,4,2.18,10.79174911,0,0,141.2119981,Intel Core i5,1000,128,Nvidia,Windows,307.8421558
879,HP,Notebook,4,2.04,10.70777173,0,0,141.2119981,Intel Core i5,0,256,Intel,Windows,288.0724761
880,HP,2 in 1 Convertible,4,1.28,11.41394456,1,0,165.6321181,Intel Core i5,0,256,Intel,Windows,212.0091111
881,HP,2 in 1 Convertible,4,2.3,10.50468785,1,0,100.4546699,Intel Core i5,500,0,Intel,Windows,231.0457407
882,Asus,Notebook,4,1.65,9.827763506,0,0,111.1413369,Other Intel Processor,0,0,Intel,Windows,183.3832058
883,Lenovo,Notebook,8,2.2,10.48134509,0,1,141.2119981,Intel Core i7,1000,0,Nvidia,Windows,310.6663958
884,Dell,Notebook,4,2.2,9.88635767,0,0,100.4546699,Other Intel Processor,500,0,Intel,Windows,221.0002737
885,HP,2 in 1 Convertible,4,1.28,11.47054726,1,0,165.6321181,Intel Core i5,0,256,Intel,Windows,212.0091111
886,Dell,Notebook,4,2.18,10.09739572,0,0,100.4546699,Intel Core i3,1000,0,AMD,Others,218.9911803
887,Asus,Gaming,12,2.2,11.19805405,0,0,127.3356746,Intel Core i5,1000,128,Nvidia,Windows,280.1384841
888,Acer,Netbook,4,1.25,9.669293165,0,1,135.0942112,Other Intel Processor,0,0,Intel,Others,168.867764
889,Lenovo,Notebook,4,2.8,9.913097231,0,0,106.1130621,AMD Processor,500,0,AMD,Windows,297.116574
890,HP,Notebook,4,1.95,11.11838843,0,0,157.3505121,Intel Core i5,0,128,Intel,Windows,306.8334987
891,HP,2 in 1 Convertible,16,1.42,11.219074,1,0,276.0535301,Intel Core i7,0,256,Intel,Windows,391.9960127
892,Samsung,Ultrabook,8,1.17,11.41335615,0,0,146.860478,Intel Core i7,0,256,Intel,Windows,171.8267593
893,Lenovo,Ultrabook,8,1.32,11.47054726,0,1,157.3505121,Intel Core i5,0,256,Intel,Windows,207.702676
894,MSI,Gaming,16,2.43,11.85749852,0,1,254.6713491,Intel Core i7,2000,512,Nvidia,Windows,618.8513784
895,Toshiba,Notebook,8,1.05,11.2719743,0,0,165.6321181,Intel Core i5,0,256,Intel,Windows,173.913724
896,Dell,Gaming,8,2.62,10.80966977,0,0,141.2119981,Intel Core i7,1000,0,Nvidia,Others,369.975435
897,HP,Notebook,8,2.04,10.77795579,0,0,141.2119981,Intel Core i7,1000,0,Nvidia,Windows,288.0724761
898,Dell,Notebook,4,2.18,10.39555595,0,0,100.4546699,Intel Core i3,1000,0,AMD,Windows,218.9911803
899,Dell,Notebook,8,1.9,10.81610756,0,0,141.2119981,Intel Core i5,500,0,Intel,Windows,268.3027964
900,Dell,2 in 1 Convertible,8,1.24,11.58299213,1,0,276.0535301,Intel Core i7,0,512,Intel,Windows,342.3063773
901,Asus,Gaming,32,3.58,11.12939483,0,1,127.3356746,Intel Core i7,0,512,Nvidia,Windows,455.861715
902,Dell,2 in 1 Convertible,16,1.22,11.38348535,1,0,165.6321181,Intel Core i7,0,256,Intel,Windows,202.071184
903,Lenovo,Ultrabook,8,1.13,11.60066817,0,1,157.3505121,Intel Core i7,0,0,Intel,Windows,177.8060787
904,Lenovo,Notebook,8,1.95,11.55778513,0,1,141.2119981,Intel Core i5,0,512,Intel,Windows,275.3633963
905,LG,Ultrabook,16,1.08,11.62477735,1,1,141.2119981,Intel Core i7,0,512,Intel,Windows,152.5089579
906,HP,Netbook,8,1.26,11.27738337,0,0,176.2325736,Intel Core i7,0,512,Intel,Windows,222.0530427
907,Acer,Notebook,4,2.2,9.858883415,0,1,141.2119981,Other Intel Processor,0,0,Intel,Others,310.6663958
908,Lenovo,Notebook,8,2.6,10.64632735,0,1,141.2119981,Intel Core i5,1000,128,Nvidia,Windows,367.151195
909,LG,Ultrabook,8,0.98,11.52464374,1,1,157.3505121,Intel Core i7,0,512,Intel,Windows,154.2035019
910,Dell,Notebook,8,1.6,11.06979587,0,0,157.3505121,Intel Core i5,0,256,Intel,Windows,251.7608194
911,HP,Ultrabook,8,1.09,12.01471842,1,0,352.4651472,Other Intel Processor,0,240,Intel,Windows,384.1870105
912,Lenovo,Notebook,6,2.2,10.64632735,0,0,141.2119981,Intel Core i7,0,256,Nvidia,Windows,310.6663958
913,HP,Notebook,8,2.04,10.90212825,0,0,141.2119981,Intel Core i7,0,256,Nvidia,Windows,288.0724761
914,Acer,Notebook,4,2.4,10.18816712,0,0,141.2119981,Intel Core i3,1000,0,Intel,Windows,338.9087954
915,Lenovo,Notebook,4,1.44,10.75661865,0,0,165.6321181,Intel Core i5,0,128,Intel,Windows,238.51025
916,HP,Notebook,8,1.49,10.84249431,0,0,165.6321181,Intel Core i5,0,256,Intel,Windows,246.7918559
917,MSI,Gaming,16,2.7,11.35269474,0,0,127.3356746,Intel Core i7,1000,256,Nvidia,Windows,343.8063213
918,Dell,Gaming,16,2.6,11.18267988,0,0,141.2119981,Intel Core i7,1000,128,Nvidia,Windows,367.151195
919,MSI,Gaming,8,2.2,10.99656463,0,0,141.2119981,Intel Core i5,1000,128,Nvidia,Windows,310.6663958
920,Dell,Notebook,4,2.18,10.50496527,0,0,100.4546699,Intel Core i5,1000,0,AMD,Windows,218.9911803
921,HP,Ultrabook,8,1.84,11.1433625,0,0,141.2119981,Intel Core i7,0,256,AMD,Windows,259.8300765
922,HP,Ultrabook,8,1.39,11.0222083,1,0,276.0535301,Intel Core i7,0,256,Intel,Windows,383.7144068
923,Toshiba,Notebook,16,2.4,11.5638847,0,1,141.2119981,Intel Core i7,0,256,Nvidia,Windows,338.9087954
924,Lenovo,2 in 1 Convertible,8,1.37,11.48489629,1,1,165.6321181,Intel Core i5,0,512,Intel,Windows,226.9160017
925,Dell,Notebook,4,1.95,10.56846856,0,0,100.4546699,Intel Core i5,500,0,Intel,Windows,195.8866062
926,Lenovo,Ultrabook,8,1.36,11.38409159,0,1,176.2325736,Intel Core i7,0,256,Intel,Windows,239.6763001
927,HP,Notebook,8,2.31,11.03603739,0,0,141.2119981,Intel Core i5,0,256,Intel,Windows,326.1997156
928,Dell,Notebook,4,2.18,10.53808986,0,0,100.4546699,Intel Core i5,1000,0,Intel,Windows,218.9911803
929,HP,Notebook,4,1.95,11.0222083,0,0,111.9352036,Intel Core i5,500,0,Intel,Windows,218.2736469
930,Lenovo,Notebook,4,2.2,9.708902303,0,0,100.4546699,Other Intel Processor,1000,0,Intel,Windows,221.0002737
931,HP,Ultrabook,4,1.26,11.34010804,0,0,176.2325736,Intel Core i5,500,0,Intel,Windows,222.0530427
932,HP,Notebook,4,1.86,9.641641634,0,0,100.4546699,Other Intel Processor,1000,0,Intel,Others,186.8456859
933,Lenovo,2 in 1 Convertible,16,1.3,11.47054726,1,1,276.0535301,Intel Core i7,0,1000,Intel,Windows,358.8695891
934,Toshiba,Notebook,4,1.47,10.98316164,0,1,157.3505121,Intel Core i5,0,128,Intel,Windows,231.3052529
935,HP,Netbook,8,1.26,11.39554095,0,0,176.2325736,Intel Core i5,0,256,Intel,Windows,222.0530427
936,Dell,Notebook,4,2.18,10.30099468,0,0,100.4546699,Intel Core i3,1000,0,Intel,Windows,218.9911803
937,MSI,Gaming,8,2.2,11.06480418,0,0,141.2119981,Intel Core i7,1000,128,Nvidia,Windows,310.6663958
938,Dell,Ultrabook,8,1.36,11.3774026,0,0,157.3505121,Intel Core i5,0,256,Intel,Windows,213.9966965
939,Dell,Gaming,16,4.36,11.89782208,0,0,169.7808994,Intel Core i7,1000,512,Nvidia,Windows,740.2447215
940,HP,Gaming,8,2.75,11.219074,0,1,127.3356746,Intel Core i5,1000,128,Nvidia,Windows,350.1731051
941,Asus,Notebook,4,2.8,10.24843803,0,0,106.1130621,Other Intel Processor,1000,0,Nvidia,Windows,297.116574
942,Acer,Notebook,4,2.23,10.4036663,0,0,100.4546699,Intel Core i5,500,0,Intel,Windows,224.0139138
943,Toshiba,Notebook,8,2.2,10.99575173,0,0,100.4546699,Intel Core i5,0,256,Intel,Windows,221.0002737
944,Lenovo,2 in 1 Convertible,8,1.1,11.14491104,1,1,194.9475372,Other Intel Processor,0,256,Intel,Windows,214.4422909
945,Lenovo,Gaming,16,2.5,10.8823158,0,1,141.2119981,AMD Processor,1000,512,AMD,Windows,353.0299952
946,Dell,Ultrabook,8,1.36,11.27007419,1,0,176.2325736,Intel Core i5,0,256,Intel,Windows,239.6763001
947,Lenovo,Notebook,8,2.2,10.50497986,0,0,141.2119981,Intel Core i7,1000,0,Nvidia,Others,310.6663958
948,Dell,Notebook,4,2.36,10.46628456,0,0,106.1130621,Intel Core i3,1000,0,AMD,Windows,250.4268267
949,Acer,Notebook,4,1.68,9.830632948,0,0,111.9352036,Other Intel Processor,0,0,Intel,Others,188.051142
950,HP,Workstation,8,2,11.69380198,0,1,141.2119981,Intel Core i7,0,8,Nvidia,Windows,282.4239962
951,Dell,Ultrabook,8,1.36,11.45711673,0,0,157.3505121,Intel Core i7,0,256,Intel,Windows,213.9966965
952,Toshiba,Notebook,8,1.2,11.26175274,0,0,165.6321181,Intel Core i5,0,256,Intel,Windows,198.7585417
953,Asus,2 in 1 Convertible,8,1.2,11.03087387,0,0,176.2325736,Other Intel Processor,0,0,Intel,Others,211.4790883
954,Lenovo,Ultrabook,8,1.7,11.28141434,0,1,157.3505121,Intel Core i7,0,256,Intel,Windows,267.4958707
955,Dell,Gaming,16,4.36,12.03198779,0,1,254.6713491,Intel Core i7,1000,512,Nvidia,Windows,1110.367082
956,Dell,2 in 1 Convertible,8,1.24,11.52464374,1,0,165.6321181,Intel Core i5,0,256,Intel,Windows,205.3838264
957,HP,2 in 1 Convertible,4,1.45,10.62842406,1,0,135.0942112,Other Intel Processor,0,256,Intel,Windows,195.8866062
958,Dell,Ultrabook,8,1.3,11.12075716,0,0,276.0535301,Intel Core i7,0,256,Intel,Windows,358.8695891
959,Acer,2 in 1 Convertible,4,1.25,9.93914037,1,1,135.0942112,Other Intel Processor,0,0,Intel,Others,168.867764
960,Toshiba,Notebook,8,1.2,11.31184669,0,0,165.6321181,Intel Core i5,0,256,Intel,Windows,198.7585417
961,Lenovo,Ultrabook,8,1.36,11.44863011,0,1,176.2325736,Intel Core i5,0,256,Intel,Windows,239.6763001
962,Acer,Notebook,12,2.4,10.89227605,0,0,141.2119981,Intel Core i5,1000,128,Nvidia,Windows,338.9087954
963,Toshiba,Ultrabook,8,1.1,11.46553193,1,0,176.2325736,Intel Core i7,0,512,Intel,Windows,193.855831
964,HP,Notebook,8,2.04,10.71667123,0,0,100.4546699,Intel Core i5,1000,0,Nvidia,Windows,204.9275265
965,Dell,Notebook,4,2.25,10.11893088,0,0,100.4546699,Intel Core i3,1000,0,AMD,Others,226.0230072
966,Dell,Notebook,4,1.9,10.69094441,0,0,100.4546699,Intel Core i5,500,0,Intel,Windows,190.8638727
967,HP,Notebook,4,2.04,10.50497986,0,0,141.2119981,Intel Core i3,500,0,Intel,Windows,288.0724761
968,Dell,Gaming,32,4.42,12.03040125,0,1,127.3356746,Intel Core i7,1000,256,Nvidia,Windows,562.8236816
969,Lenovo,Notebook,6,2.4,10.51947287,0,0,141.2119981,Intel Core i5,0,256,Nvidia,Windows,338.9087954
970,Dell,2 in 1 Convertible,16,1.22,11.52464374,1,0,276.0535301,Intel Core i7,0,512,Intel,Windows,336.7853067
971,Dell,Ultrabook,8,1.5,11.55778003,1,0,209.8006829,Intel Core i7,0,256,Intel,Windows,314.7010243
972,Dell,Gaming,32,4.42,11.91293572,0,0,127.3356746,Intel Core i7,1000,256,Nvidia,Windows,562.8236816
973,Toshiba,Notebook,8,1.95,11.04883074,0,0,157.3505121,Intel Core i5,0,256,Intel,Windows,306.8334987
974,Asus,Gaming,16,2.73,11.60110732,0,0,127.3356746,Intel Core i7,1000,256,Nvidia,Windows,347.6263916
975,HP,Notebook,8,2.04,10.86209267,0,1,141.2119981,Intel Core i5,1000,128,Nvidia,Windows,288.0724761
976,Lenovo,Notebook,4,1.7,10.88531431,0,0,111.9352036,Intel Core i5,0,0,Intel,Windows,190.2898461
977,Asus,2 in 1 Convertible,16,2.3,11.47054726,1,0,282.4239962,Intel Core i7,2000,512,Nvidia,Windows,649.5751912
978,HP,Notebook,6,2.04,10.3368635,0,0,100.4546699,Intel Core i7,1000,0,Intel,Windows,204.9275265
979,Asus,Gaming,16,2.99,11.4423605,0,0,127.3356746,Intel Core i7,1000,256,Nvidia,Windows,380.733667
980,Dell,2 in 1 Convertible,12,2.19,11.14491104,1,1,141.2119981,Intel Core i7,0,512,Intel,Windows,309.2542758
981,Toshiba,Notebook,4,1.2,11.06146249,0,0,165.6321181,Intel Core i5,0,128,Intel,Windows,198.7585417
982,Lenovo,Notebook,6,2.2,10.28365947,0,0,141.2119981,AMD Processor,0,256,AMD,Windows,310.6663958
983,Fujitsu,Notebook,4,2.3,10.45099374,0,0,100.4546699,Intel Core i5,0,256,Intel,Windows,231.0457407
984,Toshiba,Notebook,4,1.75,10.79448509,0,0,111.9352036,Intel Core i5,500,0,Intel,Windows,195.8866062
985,Dell,Notebook,4,2.25,10.37082262,0,0,100.4546699,Intel Core i5,500,0,AMD,Windows,226.0230072
986,HP,Notebook,8,2.04,10.66764477,0,0,141.2119981,Intel Core i5,1000,0,Intel,Windows,288.0724761
987,Lenovo,Gaming,8,2.5,11.05642892,0,1,141.2119981,Intel Core i7,1000,128,Nvidia,Windows,353.0299952
988,Dell,Notebook,8,2.36,10.59430001,0,0,100.4546699,Intel Core i7,1000,0,AMD,Windows,237.0730209
989,Dell,Notebook,8,1.6,10.99575173,0,0,157.3505121,Intel Core i5,0,128,Intel,Windows,251.7608194
990,HP,Netbook,8,0.97,11.52937188,0,0,176.2325736,Other Intel Processor,0,512,Intel,Windows,170.9455964
991,HP,Notebook,4,2.1,10.18816712,0,0,141.2119981,Intel Core i3,1000,128,AMD,Windows,296.545196
992,Lenovo,Notebook,4,1.9,9.576276649,0,0,100.4546699,Other Intel Processor,0,128,Intel,Others,190.8638727
993,Lenovo,Notebook,8,2.3,11.18267988,0,0,141.2119981,Intel Core i5,0,256,Intel,Windows,324.7875956
994,Dell,2 in 1 Convertible,8,1.68,10.76565826,1,0,165.6321181,Intel Core i5,0,256,Intel,Windows,278.2619583
995,Asus,Notebook,8,1.4,11.02307825,0,0,276.0535301,Intel Core i5,0,256,Intel,Windows,386.4749421
996,HP,Ultrabook,8,1.11,11.18267988,1,1,165.6321181,Intel Core i7,0,256,Intel,Windows,183.851651
997,Acer,Notebook,4,2.4,9.915732279,0,0,100.4546699,Other Intel Processor,500,0,Intel,Windows,241.0912077
998,Asus,Gaming,16,2.5,11.47054726,0,0,141.2119981,Intel Core i7,1000,256,Nvidia,Windows,353.0299952
999,HP,Ultrabook,8,1.48,11.62000179,0,0,157.3505121,Intel Core i7,0,512,Intel,Windows,232.878758
1000,Acer,Gaming,8,2.7,11.11442803,0,1,141.2119981,Intel Core i7,1000,128,Nvidia,Windows,381.2723948
1001,HP,Notebook,8,1.34,11.05642892,0,1,165.6321181,Intel Core i5,0,256,Intel,Windows,221.9470382
1002,Dell,Notebook,4,2.18,10.28000983,0,0,100.4546699,Intel Core i3,0,128,Intel,Windows,218.9911803
1003,HP,Notebook,4,1.64,10.63357207,0,0,111.9352036,Intel Core i5,500,0,Intel,Windows,183.5737338
1004,Toshiba,Notebook,4,1.2,11.06146249,0,0,165.6321181,Intel Core i5,0,128,Intel,Windows,198.7585417
1005,HP,Notebook,4,1.48,10.97861739,0,0,111.9352036,Intel Core i5,0,256,Intel,Windows,165.6641013
1006,HP,Notebook,4,1.95,11.06979587,0,0,157.3505121,Intel Core i5,0,256,Intel,Windows,306.8334987
1007,HP,Ultrabook,8,1.43,11.25418997,0,0,157.3505121,Intel Core i7,0,256,Intel,Windows,225.0112324
1008,HP,Notebook,8,1.64,10.93140146,0,0,157.3505121,Intel Core i5,0,256,Nvidia,Windows,258.0548399
1009,HP,Notebook,4,1.64,10.50351894,0,0,111.9352036,Intel Core i3,500,0,Intel,Windows,183.5737338
1010,Dell,Gaming,8,2.65,10.83096982,0,0,141.2119981,Intel Core i5,0,0,Nvidia,Windows,374.2117949
1011,HP,Ultrabook,4,1.26,11.31444916,0,0,176.2325736,Intel Core i5,500,0,Intel,Windows,222.0530427
1012,HP,Notebook,4,1.48,11.34705032,0,0,157.3505121,Intel Core i5,0,256,Intel,Windows,232.878758
1013,HP,Ultrabook,8,1.54,11.51841585,0,0,157.3505121,Intel Core i7,0,256,Intel,Windows,242.3197887
1014,HP,Notebook,4,1.49,10.66017275,0,0,117.8265301,Intel Core i3,500,0,Intel,Windows,175.5615298
1015,Toshiba,Notebook,8,1.5,11.07393666,0,0,117.8265301,Intel Core i5,0,256,Intel,Windows,176.7397951
1016,HP,Notebook,4,2.04,10.62193855,0,0,100.4546699,Intel Core i3,0,256,Intel,Windows,204.9275265
1017,Lenovo,Notebook,16,2.4,11.97120463,0,1,254.6713491,Intel Core i7,0,512,Nvidia,Windows,611.2112379
1018,Toshiba,Notebook,8,1.47,11.28209243,0,1,157.3505121,Intel Core i5,0,256,Intel,Windows,231.3052529
1019,HP,Notebook,8,1.43,11.68486936,0,0,157.3505121,Intel Core i7,0,256,Intel,Windows,225.0112324
1020,Dell,2 in 1 Convertible,4,2.08,10.65514765,1,1,141.2119981,Intel Core i3,1000,0,Intel,Windows,293.720956
1021,Toshiba,Ultrabook,8,1.2,11.34705032,0,0,165.6321181,Intel Core i5,0,256,Intel,Windows,198.7585417
1022,HP,Notebook,8,1.11,11.0222083,0,1,165.6321181,Intel Core i5,0,256,Intel,Windows,183.851651
1023,HP,Notebook,8,1.64,11.05342188,0,0,157.3505121,Intel Core i7,0,256,Nvidia,Windows,258.0548399
1024,Dell,Notebook,8,2.09,10.92871023,0,0,141.2119981,Intel Core i5,500,0,Intel,Windows,295.133076
1025,HP,Ultrabook,4,1.26,11.3273609,0,0,125.367428,Intel Core i5,0,256,Intel,Windows,157.9629593
1026,HP,Notebook,4,2.31,11.05642892,0,0,111.9352036,Intel Core i5,500,0,Intel,Windows,258.5703202
1027,HP,Notebook,4,1.95,10.94158521,0,0,111.9352036,Intel Core i5,500,0,Intel,Windows,218.2736469
1028,Dell,Ultrabook,8,1.29,11.36820855,1,0,276.0535301,Intel Core i5,0,256,Intel,Windows,356.1090538
1029,HP,Notebook,8,2.63,10.96027735,0,0,127.3356746,Intel Core i5,0,256,Nvidia,Windows,334.8928241
1030,HP,Notebook,4,1.64,10.85594511,0,0,111.9352036,Intel Core i5,0,256,Intel,Windows,183.5737338
1031,Acer,Notebook,6,2.1,9.989276182,0,0,100.4546699,AMD Processor,1000,0,AMD,Windows,210.9548067
1032,MSI,Gaming,8,2.7,11.05878107,0,0,127.3356746,Intel Core i7,1000,128,Nvidia,Windows,343.8063213
1033,HP,Notebook,8,1.95,11.06146249,0,0,157.3505121,Intel Core i5,0,256,Intel,Windows,306.8334987
1034,HP,Notebook,8,1.84,11.089509,0,0,141.2119981,Intel Core i7,0,256,Intel,Windows,259.8300765
1035,HP,Ultrabook,8,1.26,11.18267988,0,0,176.2325736,Intel Core i7,0,256,Intel,Windows,222.0530427
1036,HP,Notebook,4,2.04,10.58491027,0,0,100.4546699,Intel Core i5,500,0,Intel,Windows,204.9275265
1037,Toshiba,Ultrabook,8,1.47,11.42854336,0,1,157.3505121,Intel Core i7,0,256,Intel,Windows,231.3052529
1038,Dell,Notebook,8,2.09,10.94436437,0,0,141.2119981,Intel Core i5,0,256,Intel,Windows,295.133076
1039,HP,Notebook,8,1.64,10.89377146,0,0,157.3505121,Intel Core i5,0,256,Intel,Windows,258.0548399
1040,Lenovo,2 in 1 Convertible,4,1.8,10.71726172,1,1,141.2119981,Intel Core i7,0,256,Intel,Windows,254.1815965
1041,Vero,Notebook,2,1.45,9.326470843,0,0,111.9352036,Other Intel Processor,0,0,Intel,Windows,162.3060452
1042,Toshiba,Notebook,16,2.4,11.23748812,0,1,141.2119981,Intel Core i7,0,256,Nvidia,Windows,338.9087954
1043,Lenovo,Notebook,8,2.3,10.93172544,0,0,141.2119981,Intel Core i5,0,256,Intel,Windows,324.7875956
1044,HP,Notebook,4,1.54,10.88331631,0,0,157.3505121,Intel Core i5,500,0,Intel,Windows,242.3197887
1045,HP,Notebook,8,1.84,11.62684286,0,0,141.2119981,Intel Core i5,500,256,Intel,Windows,259.8300765
1046,HP,Notebook,8,1.43,11.2678982,0,0,157.3505121,Intel Core i5,0,256,Intel,Windows,225.0112324
1047,MSI,Gaming,16,3.78,11.31875437,0,1,127.3356746,Intel Core i7,1000,256,Nvidia,Windows,481.3288499
1048,Lenovo,Gaming,16,4.6,11.71186376,0,1,127.3356746,Intel Core i7,1000,128,Nvidia,Windows,585.744103
1049,Asus,Netbook,4,1.2,9.638174224,0,0,135.0942112,Other Intel Processor,0,0,Intel,Others,162.1130534
1050,Lenovo,Notebook,16,1.1,11.84649062,0,1,209.8006829,Intel Core i7,0,256,Intel,Windows,230.7807512
1051,HP,Notebook,8,1.91,10.86209267,0,1,141.2119981,Intel Core i7,1000,0,Nvidia,Windows,269.7149163
1052,Dell,2 in 1 Convertible,8,2.3,10.97315701,1,1,141.2119981,Intel Core i5,0,256,Intel,Windows,324.7875956
1053,HP,Notebook,4,2.04,10.86209267,0,0,100.4546699,Intel Core i5,0,256,Intel,Windows,204.9275265
1054,Dell,Ultrabook,16,1.2,11.69602272,1,0,276.0535301,Intel Core i7,0,1000,Intel,Windows,331.2642361
1055,HP,Notebook,4,2.31,10.53397157,0,0,100.4546699,Intel Core i3,500,0,Intel,Windows,232.0502874
1056,HP,Notebook,4,1.96,10.18816712,0,0,100.4546699,Intel Core i5,500,0,Intel,Others,196.8911529
1057,Acer,Notebook,8,2.4,10.08258391,0,0,100.4546699,AMD Processor,1000,0,AMD,Windows,241.0912077
1058,Dell,2 in 1 Convertible,12,1.6,11.14491104,1,1,165.6321181,Intel Core i7,0,256,Intel,Windows,265.0113889
1059,MSI,Gaming,16,2.94,11.4816032,0,0,141.2119981,Intel Core i7,1000,256,Nvidia,Windows,415.1632744
1060,HP,Notebook,8,2.04,10.95097495,0,0,141.2119981,Intel Core i7,0,256,Intel,Windows,288.0724761
1061,Asus,Gaming,16,4,10.8813143,0,1,127.3356746,Intel Core i7,1000,0,Nvidia,Others,509.3426983
1062,Dell,Notebook,4,2.25,10.3017105,0,0,141.2119981,Intel Core i5,1000,0,Intel,Windows,317.7269957
1063,Dell,Notebook,16,2.32,10.87325587,0,0,141.2119981,Intel Core i7,2000,0,AMD,Windows,327.6118356
1064,MSI,Gaming,16,1.8,11.54031804,0,0,141.2119981,Intel Core i7,1000,256,Nvidia,Windows,254.1815965
1065,Dell,Ultrabook,8,1.29,11.26038194,0,0,165.6321181,Intel Core i7,0,256,Intel,Windows,213.6654323
1066,Asus,Gaming,64,3.58,12.26334105,0,1,127.3356746,Intel Core i7,0,1000,Nvidia,Windows,455.861715
1067,Dell,2 in 1 Convertible,8,1.62,10.65768215,1,0,165.6321181,Intel Core i7,0,256,Intel,Windows,268.3240312
1068,Dell,Gaming,16,3.21,11.16774308,0,0,282.4239962,Intel Core i7,1000,256,Nvidia,Windows,906.5810277
1069,Apple,Ultrabook,8,0.92,11.14568057,0,1,226.4155472,Other Intel Processor,0,0,Intel,Mac,208.3023034
1070,Dell,Notebook,4,2.06,10.15346365,0,0,100.4546699,Intel Core i3,500,0,Intel,Windows,206.9366199
1071,HP,Notebook,4,2.31,11.06480418,0,0,100.4546699,Intel Core i5,500,0,Intel,Windows,232.0502874
1072,HP,Ultrabook,8,1.26,11.06480418,0,0,176.2325736,Intel Core i5,0,256,Intel,Windows,222.0530427
1073,HP,Notebook,8,1.49,10.969494,0,0,165.6321181,Intel Core i7,0,256,Intel,Windows,246.7918559
1074,Lenovo,Ultrabook,8,1.3,11.42184853,1,1,176.2325736,Intel Core i7,0,256,Intel,Windows,229.1023457
1075,Lenovo,Notebook,8,3,10.46628456,0,0,106.1130621,Intel Core i5,1000,0,AMD,Windows,318.3391864
1076,Lenovo,Notebook,4,2.3,10.86004768,0,1,141.2119981,Intel Core i5,1000,0,Nvidia,Windows,324.7875956
1077,MSI,Gaming,16,3.78,11.79920696,0,0,127.3356746,Intel Core i7,1000,256,Nvidia,Windows,481.3288499
1078,Lenovo,Notebook,4,2.1,10.26713017,0,0,100.4546699,Intel Core i5,500,0,Intel,Windows,210.9548067
1079,HP,Notebook,4,2.31,10.8214409,0,0,141.2119981,Intel Core i5,500,0,Intel,Windows,326.1997156
1080,Lenovo,Ultrabook,8,0.99,11.219074,1,1,234.9767648,Other Intel Processor,0,512,Intel,Windows,232.6269972
1081,Lenovo,Gaming,32,4.6,12.05888964,0,1,127.3356746,Intel Core i7,0,512,Nvidia,Windows,585.744103
1082,Lenovo,2 in 1 Convertible,4,0.69,10.4467784,1,1,224.1738091,Other Intel Processor,0,0,Intel,Windows,154.6799283
1083,HP,Ultrabook,16,1.3,11.60066817,0,1,331.2642361,Intel Core i7,0,512,Intel,Windows,430.6435069
1084,Dell,Notebook,8,2.18,10.59563423,0,0,141.2119981,Intel Core i5,0,256,Intel,Windows,307.8421558
1085,HP,Notebook,4,1.54,10.91383581,0,0,157.3505121,Intel Core i5,500,0,Intel,Windows,242.3197887
1086,HP,Workstation,8,1.9,11.28544251,0,0,141.2119981,Intel Core i7,0,256,AMD,Windows,268.3027964
1087,Lenovo,Notebook,8,1.7,11.06480418,0,0,157.3505121,Intel Core i5,0,180,Intel,Windows,267.4958707
1088,HP,Notebook,4,1.29,10.39718329,0,0,276.0535301,Other Intel Processor,0,0,Intel,Others,356.1090538
1089,Acer,Notebook,4,2.4,9.933985719,0,0,100.4546699,AMD Processor,500,0,AMD,Windows,241.0912077
1090,Dell,Notebook,4,2.2,9.950616681,0,0,100.4546699,Other Intel Processor,500,0,Intel,Others,221.0002737
1091,HP,Notebook,4,1.86,9.821970899,0,0,100.4546699,Intel Core i3,1000,0,Intel,Others,186.8456859
1092,Asus,Gaming,8,2.7,11.35269474,0,1,127.3356746,Intel Core i7,1000,256,Nvidia,Windows,343.8063213
1093,Dell,Ultrabook,4,1.4,10.68285114,0,1,165.6321181,Intel Core i5,0,256,AMD,Windows,231.8849653
1094,HP,Netbook,4,2.4,11.35269474,0,0,125.367428,Intel Core i5,0,128,Intel,Windows,300.8818272
1095,Acer,Notebook,8,2.4,10.65892197,0,0,141.2119981,Intel Core i5,1000,256,Nvidia,Windows,338.9087954
1096,Dell,Notebook,8,2.36,10.43515244,0,0,141.2119981,Intel Core i5,1000,0,AMD,Windows,333.2603155
1097,MSI,Gaming,8,2.6,11.35269474,0,0,127.3356746,Intel Core i7,0,256,Nvidia,Windows,331.0727539
1098,HP,Notebook,4,1.96,10.19016912,0,0,100.4546699,Other Intel Processor,1000,0,Intel,Windows,196.8911529
1099,Asus,Gaming,16,4.3,11.71579055,0,1,127.3356746,Intel Core i7,1000,128,Nvidia,Windows,547.5434007
1100,Dell,Ultrabook,4,1.5,11.01008111,0,0,125.367428,Intel Core i3,500,0,Intel,Windows,188.051142
1101,Dell,Ultrabook,4,1.5,11.03772695,0,0,125.367428,Intel Core i3,0,128,Intel,Windows,188.051142
1102,Acer,Notebook,4,2.2,9.317895278,0,0,100.4546699,Other Intel Processor,0,16,Intel,Others,221.0002737
1103,HP,Workstation,8,3,11.94768216,0,1,127.3356746,Intel Core i7,1000,0,AMD,Windows,382.0070237
1104,Lenovo,Gaming,16,2.4,11.06480418,0,0,141.2119981,Intel Core i7,0,512,Nvidia,Windows,338.9087954
1105,Dell,Ultrabook,8,1.5,11.22910218,0,0,125.367428,Intel Core i5,0,256,Intel,Windows,188.051142
1106,MSI,Gaming,8,2.9,11.29621373,0,0,127.3356746,Intel Core i7,1000,128,Nvidia,Windows,369.2734563
1107,Lenovo,2 in 1 Convertible,4,2.1,10.7406,1,1,141.2119981,Intel Core i5,0,256,Intel,Windows,296.545196
1108,HP,Notebook,4,2.1,9.962013032,0,0,141.2119981,AMD Processor,1000,0,AMD,Windows,296.545196
1109,Asus,Gaming,16,2.59,11.17523937,0,1,141.2119981,Intel Core i7,1000,128,Nvidia,Windows,365.739075
1110,HP,Notebook,8,1.16,11.41335615,1,0,276.0535301,Other Intel Processor,0,256,Intel,Windows,320.2220949
1111,Dell,Notebook,4,2.24,10.62084704,0,0,100.4546699,Intel Core i5,500,0,AMD,Windows,225.0184605
1112,Lenovo,Notebook,4,2.1,10.03701795,0,0,100.4546699,Intel Core i3,0,128,Intel,Windows,210.9548067
1113,HP,Ultrabook,8,1.16,11.5608421,0,0,165.6321181,Intel Core i7,0,512,Intel,Windows,192.1332569
1114,Lenovo,2 in 1 Convertible,4,0.69,10.28365947,1,1,224.1738091,Other Intel Processor,0,0,Intel,Others,154.6799283
1115,Dell,Ultrabook,8,1.23,11.2046749,0,0,165.6321181,Intel Core i7,0,256,Intel,Windows,203.7275052
1116,Lenovo,Gaming,16,4.6,11.89491358,0,1,127.3356746,Intel Core i7,0,256,Nvidia,Windows,585.744103
1117,Razer,Ultrabook,8,1.25,10.91190376,1,0,352.4651472,Intel Core i7,0,256,Intel,Windows,440.581434
1118,Toshiba,Ultrabook,16,1.05,11.68352256,0,0,165.6321181,Intel Core i7,0,512,Intel,Windows,173.913724
1119,Asus,Gaming,8,3.52,11.1552424,0,0,127.3356746,Intel Core i7,1000,128,Nvidia,Windows,448.2215745
1120,Vero,Notebook,4,1.35,9.253675685,0,0,165.6321181,Other Intel Processor,0,0,Intel,Windows,223.6033594
1121,HP,Notebook,8,1.16,11.40804483,0,0,165.6321181,Intel Core i5,0,256,Intel,Windows,192.1332569
1122,HP,Notebook,8,1.43,11.29741074,0,0,157.3505121,Intel Core i5,0,256,Intel,Windows,225.0112324
1123,Dell,Notebook,4,2.09,10.23634635,0,0,100.4546699,Intel Core i5,500,0,Intel,Others,209.95026
1124,Asus,Notebook,4,2,10.05090706,0,0,100.4546699,Intel Core i3,1000,0,Intel,Windows,200.9093397
1125,Lenovo,2 in 1 Convertible,8,1.8,11.39554095,1,1,157.3505121,Intel Core i7,0,256,Intel,Windows,283.2309219
1126,Lenovo,2 in 1 Convertible,4,0.69,10.14726162,1,1,224.1738091,Other Intel Processor,0,0,Intel,Windows,154.6799283
1127,HP,Ultrabook,8,1.26,11.52253514,0,0,125.367428,Intel Core i5,0,256,Intel,Windows,157.9629593
1128,Lenovo,Gaming,8,2.4,10.87225536,0,1,141.2119981,Intel Core i5,1000,128,Nvidia,Others,338.9087954
1129,HP,Gaming,8,3.35,11.00464859,0,1,127.3356746,Intel Core i5,1000,128,Nvidia,Windows,426.5745098
1130,HP,Notebook,8,2.04,10.41969228,0,0,100.4546699,Intel Core i7,2000,0,Intel,Windows,204.9275265
1131,Lenovo,2 in 1 Convertible,8,1.8,11.60134145,1,1,157.3505121,Intel Core i7,0,512,Nvidia,Windows,283.2309219
1132,Asus,Notebook,4,1.5,9.60318214,0,0,111.9352036,Other Intel Processor,0,0,Intel,Windows,167.9028053
1133,HP,Ultrabook,8,1.84,10.59829735,0,0,141.2119981,Intel Core i7,0,256,Intel,Windows,259.8300765
1134,Acer,Notebook,4,2.23,10.39880799,0,0,141.2119981,Intel Core i5,1000,0,Nvidia,Windows,314.9027557
1135,Lenovo,Notebook,16,2.5,10.97771698,0,0,141.2119981,Intel Core i7,0,0,AMD,Windows,353.0299952
1136,HP,Workstation,8,3,12.25687997,0,1,127.3356746,Intel Core i7,0,256,Nvidia,Windows,382.0070237
1137,Dell,Notebook,8,2.5,10.63997005,0,0,100.4546699,Intel Core i5,1000,0,AMD,Windows,251.1366747
1138,MSI,Gaming,16,3.78,11.75836829,0,0,127.3356746,Intel Core i7,1000,256,Nvidia,Windows,481.3288499
1139,HP,Ultrabook,8,1.88,11.65883579,0,0,141.2119981,Intel Core i7,0,256,Intel,Windows,265.4785564
1140,Lenovo,2 in 1 Convertible,16,2.8,11.77531434,1,1,209.8006829,Intel Core i7,0,512,Intel,Windows,587.441912
1141,MSI,Gaming,8,2.4,11.0167977,0,0,141.2119981,Intel Core i7,1000,128,Nvidia,Windows,338.9087954
1142,HP,2 in 1 Convertible,8,1.48,11.37128263,1,0,165.6321181,Intel Core i5,0,256,Intel,Windows,245.1355347
1143,HP,Workstation,8,2.59,11.68486936,0,1,141.2119981,Intel Core i7,0,256,Nvidia,Windows,365.739075
1144,HP,2 in 1 Convertible,8,1.48,11.47054726,1,0,220.8428241,Intel Core i7,0,256,Intel,Windows,326.8473796
1145,HP,Workstation,8,2,11.52464374,0,0,141.2119981,Intel Core i7,0,256,Nvidia,Windows,282.4239962
1146,HP,Ultrabook,8,1.26,11.71489846,0,0,176.2325736,Intel Core i7,0,256,Intel,Windows,222.0530427
1147,Dell,Notebook,8,2.18,10.89316762,0,0,141.2119981,Intel Core i7,0,256,Nvidia,Windows,307.8421558
1148,HP,Notebook,8,1.88,11.34010804,0,0,141.2119981,Intel Core i5,0,256,Intel,Windows,265.4785564
1149,Lenovo,2 in 1 Convertible,8,1.27,11.73303979,1,1,209.8006829,Intel Core i7,0,256,Intel,Windows,266.4468672
1150,Lenovo,Notebook,4,1.9,9.801561134,0,0,100.4546699,Intel Core i3,1000,0,Intel,Others,190.8638727
1151,HP,Notebook,4,1.86,9.669293165,0,0,100.4546699,AMD Processor,500,0,AMD,Windows,186.8456859
1152,Lenovo,Notebook,8,2.32,10.37082262,0,0,141.2119981,Intel Core i5,1000,0,AMD,Others,327.6118356
1153,Dell,Gaming,8,2.62,11.06480418,0,0,141.2119981,Intel Core i7,1000,0,Nvidia,Windows,369.975435
1154,Dell,Notebook,8,2.04,11.6945487,1,1,282.4239962,Intel Core i5,0,256,Nvidia,Windows,576.1449522
1155,HP,Notebook,4,1.91,10.14703195,0,0,141.2119981,AMD Processor,0,256,AMD,Windows,269.7149163
1156,MSI,Gaming,16,2.7,11.28396986,0,0,127.3356746,Intel Core i7,1000,256,Nvidia,Windows,343.8063213
1157,Lenovo,Ultrabook,12,1.4,11.71579055,0,0,157.3505121,Intel Core i7,0,512,Intel,Windows,220.290717
1158,Lenovo,Notebook,8,2.5,10.64568075,0,0,141.2119981,Intel Core i5,0,0,AMD,Windows,353.0299952
1159,HP,2 in 1 Convertible,8,1.48,11.59675619,1,0,220.8428241,Intel Core i7,0,512,Intel,Windows,326.8473796
1160,Lenovo,Ultrabook,8,1.7,11.28811452,0,0,157.3505121,Intel Core i7,0,256,Intel,Windows,267.4958707
1161,MSI,Gaming,16,1.7,11.45373072,0,0,157.3505121,Intel Core i7,1000,256,Nvidia,Windows,267.4958707
1162,HP,Gaming,8,2.62,10.77684406,0,1,141.2119981,Intel Core i7,1000,0,Nvidia,Windows,369.975435
1163,Lenovo,Notebook,8,2.2,10.10461124,0,0,100.4546699,Intel Core i3,1000,0,Intel,Windows,221.0002737
1164,HP,Notebook,4,2.1,10.14305655,0,0,100.4546699,Intel Core i5,500,0,Intel,Others,210.9548067
1165,Dell,Gaming,8,2.62,11.28744719,0,0,282.4239962,Intel Core i7,1000,128,Nvidia,Windows,739.95087
1166,Lenovo,Notebook,8,1.95,11.21262005,0,1,141.2119981,Intel Core i5,0,256,Intel,Windows,275.3633963
1167,Lenovo,Notebook,4,2.2,10.12402932,0,0,141.2119981,Intel Core i3,1000,0,Nvidia,Windows,310.6663958
1168,HP,Notebook,2,1.44,9.493013923,0,0,111.9352036,Other Intel Processor,0,0,Intel,Windows,161.1866931
1169,MSI,Gaming,8,2.2,10.70777173,0,1,141.2119981,Intel Core i7,1000,0,Nvidia,Windows,310.6663958
1170,HP,Notebook,8,1.96,10.49618215,0,0,141.2119981,Intel Core i7,0,256,Intel,Windows,276.7755162
1171,HP,Notebook,16,2.1,11.03087387,0,0,141.2119981,Intel Core i7,0,512,Intel,Windows,296.545196
1172,Asus,Notebook,4,2.2,9.88635767,0,0,100.4546699,Other Intel Processor,500,0,Intel,Windows,221.0002737
1173,Lenovo,Notebook,4,2.1,9.962013032,0,0,100.4546699,Intel Core i5,500,0,Intel,Others,210.9548067
1174,Lenovo,Notebook,8,2.2,10.53941655,0,0,141.2119981,Intel Core i7,1000,0,Nvidia,Others,310.6663958
1175,Asus,Notebook,4,2,10.620652,0,0,157.3505121,Intel Core i3,0,256,Intel,Windows,314.7010243
1176,Lenovo,Notebook,4,2.32,10.69094441,0,0,141.2119981,Intel Core i7,0,0,Intel,Windows,327.6118356
1177,Lenovo,Gaming,16,3.31,11.14951935,0,1,141.2119981,Intel Core i7,0,512,Nvidia,Windows,467.4117137
1178,MSI,Gaming,16,1.91,11.65035036,0,0,141.2119981,Intel Core i7,1000,128,Nvidia,Windows,269.7149163
1179,HP,Notebook,4,2.07,10.45253339,0,0,100.4546699,Intel Core i3,500,0,Intel,Windows,207.9411666
1180,Lenovo,2 in 1 Convertible,8,1.36,11.3761816,1,1,209.8006829,Intel Core i5,0,256,Intel,Windows,285.3289287
1181,Lenovo,Ultrabook,6,1.54,10.69819082,0,0,141.2119981,Intel Core i7,0,256,Nvidia,Windows,217.466477
1182,Dell,Notebook,8,1.98,10.77239592,0,0,141.2119981,Intel Core i7,0,256,Nvidia,Others,279.5997562
1183,Acer,Notebook,4,2.1,9.783703516,0,0,100.4546699,Other Intel Processor,500,0,Intel,Windows,210.9548067
1184,HP,Notebook,6,2.18,10.65892197,0,1,141.2119981,Intel Core i7,1000,0,Nvidia,Windows,307.8421558
1185,Asus,Gaming,8,2.591,10.78790612,0,1,141.2119981,Intel Core i7,1000,256,Nvidia,Windows,365.880287
1186,Dell,2 in 1 Convertible,16,2.09,11.04798293,1,0,141.2119981,Intel Core i7,0,512,Intel,Windows,295.133076
1187,Acer,Notebook,4,2.23,10.51370085,0,0,141.2119981,Intel Core i5,0,256,Nvidia,Windows,314.9027557
1188,Dell,Ultrabook,8,1.23,10.97771698,1,0,276.0535301,Intel Core i5,0,256,Intel,Others,339.545842
1189,Acer,Gaming,16,4.2,11.83844306,0,1,127.3356746,Intel Core i7,1000,256,Nvidia,Windows,534.8098332
1190,Lenovo,Gaming,8,2.4,10.68364511,0,1,141.2119981,Intel Core i5,1000,0,Nvidia,Windows,338.9087954
1191,HP,Notebook,4,1.86,10.15970992,0,0,100.4546699,Intel Core i5,500,0,Intel,Windows,186.8456859
1192,Apple,Ultrabook,8,0.92,11.03431918,0,1,226.4155472,Other Intel Processor,0,0,Intel,Mac,208.3023034
1193,Dell,2 in 1 Convertible,8,1.6,11.06480418,1,1,165.6321181,Intel Core i5,0,256,Intel,Windows,265.0113889
1194,HP,Notebook,12,2.21,11.16623706,0,1,141.2119981,Intel Core i7,1000,128,Nvidia,Windows,312.0785158
1195,Lenovo,Notebook,4,1.9,9.883643964,0,0,100.4546699,Intel Core i3,1000,0,AMD,Others,190.8638727
1196,Asus,Gaming,16,4.3,11.64878415,0,1,127.3356746,Intel Core i7,1000,512,Nvidia,Windows,547.5434007
1197,Acer,Notebook,4,2.1,9.581363093,0,0,100.4546699,Other Intel Processor,1000,0,Intel,Others,210.9548067
1198,MSI,Gaming,16,2.43,11.60061937,0,0,127.3356746,Intel Core i7,1000,256,Nvidia,Windows,309.4256892
1199,Dell,Notebook,4,2.3,10.18816712,0,0,100.4546699,Intel Core i3,0,128,AMD,Windows,231.0457407
1200,Lenovo,Notebook,8,2.2,10.41969228,0,0,100.4546699,Intel Core i7,500,0,Nvidia,Others,221.0002737
1201,Dell,2 in 1 Convertible,16,2,11.13407502,1,0,141.2119981,Intel Core i7,0,512,Intel,Windows,282.4239962
1202,Dell,Ultrabook,16,1.2,11.8691331,1,0,276.0535301,Intel Core i7,0,512,Intel,Windows,331.2642361
1203,Asus,Gaming,8,2.2,11.03946499,0,0,141.2119981,Intel Core i7,1000,0,Nvidia,Windows,310.6663958
1204,Dell,Notebook,8,2.36,10.76565826,0,0,141.2119981,Intel Core i5,0,256,AMD,Windows,333.2603155
1205,HP,Notebook,8,1.91,10.3368635,0,0,100.4546699,Intel Core i5,0,256,Intel,Windows,191.8684194
1206,Lenovo,Notebook,4,2.2,9.6760046,0,0,100.4546699,AMD Processor,500,0,AMD,Windows,221.0002737
1207,Acer,Notebook,8,3.3,10.41969228,0,0,106.1130621,Intel Core i3,1000,0,Nvidia,Windows,350.1731051
1208,Asus,Gaming,16,2.2,11.77899608,0,0,141.2119981,Intel Core i7,1000,256,Nvidia,Windows,310.6663958
1209,Apple,Ultrabook,8,0.92,11.12939483,0,1,226.4155472,Other Intel Processor,0,0,Intel,Mac,208.3023034
1210,Asus,Notebook,16,2.2,11.4423605,0,0,141.2119981,Intel Core i7,1000,128,Nvidia,Windows,310.6663958
1211,MSI,Gaming,16,2.43,11.55062759,0,1,127.3356746,Intel Core i7,1000,256,Nvidia,Windows,309.4256892
1212,Dell,2 in 1 Convertible,8,2.191,10.8823158,1,1,141.2119981,Intel Core i5,0,256,Intel,Windows,309.3954878
1213,Asus,Gaming,16,2.9,11.55063273,0,0,127.3356746,Intel Core i7,1000,256,Nvidia,Windows,369.2734563
1214,Acer,Netbook,2,1.3,9.134616325,0,0,135.0942112,Other Intel Processor,0,32,Intel,Others,175.6224746
1215,Acer,Notebook,4,3.3,10.36915178,0,0,106.1130621,Intel Core i3,1000,0,Nvidia,Windows,350.1731051
1216,Lenovo,Notebook,8,2.8,10.2652766,0,0,106.1130621,Intel Core i5,1000,0,Intel,Others,297.116574
1217,Lenovo,Gaming,8,2.6,11.12390677,0,1,141.2119981,Intel Core i7,1000,128,Nvidia,Windows,367.151195
1218,Acer,2 in 1 Convertible,8,1.2,11.0222083,1,1,157.3505121,Intel Core i7,0,256,Intel,Windows,188.8206146
1219,Lenovo,Notebook,8,2.3,11.30793023,0,1,141.2119981,Intel Core i7,0,256,Intel,Windows,324.7875956
1220,MSI,Gaming,8,2.2,11.27272655,0,0,141.2119981,Intel Core i7,1000,128,Nvidia,Windows,310.6663958
1221,HP,Notebook,6,2.1,10.24654946,0,0,141.2119981,AMD Processor,1000,0,AMD,Windows,296.545196
1222,Dell,Ultrabook,8,1.26,11.4217785,1,0,176.2325736,Intel Core i5,0,256,Intel,Windows,222.0530427
1223,Dell,2 in 1 Convertible,4,2.08,10.20800904,1,0,146.860478,Intel Core i3,500,0,Intel,Windows,305.4697943
1224,Asus,Notebook,4,2.65,9.708902303,0,0,100.4546699,Other Intel Processor,1000,0,Intel,Windows,266.2048751
1225,Dell,Ultrabook,8,1.29,11.27332931,1,0,276.0535301,Intel Core i7,0,256,Intel,Windows,356.1090538
1226,Dell,Notebook,4,2.18,10.23296038,0,0,100.4546699,Intel Core i5,1000,0,Intel,Others,218.9911803
1227,Lenovo,Gaming,16,2.6,10.91190376,1,1,141.2119981,Intel Core i7,1000,128,Nvidia,Windows,367.151195
1228,MSI,Gaming,8,2.2,11.0222083,0,0,141.2119981,Intel Core i7,1000,128,Nvidia,Windows,310.6663958
1229,Lenovo,Netbook,16,1.3,11.38409159,1,1,176.2325736,Intel Core i7,0,512,Intel,Windows,229.1023457
1230,Razer,Gaming,16,1.95,12.13579352,0,0,157.3505121,Intel Core i7,0,1000,Nvidia,Windows,306.8334987
1231,Dell,Notebook,8,2.3,10.12618512,1,0,100.4546699,Intel Core i3,1000,0,Intel,Windows,231.0457407
1232,MSI,Gaming,16,2.7,11.35206915,0,0,127.3356746,Intel Core i7,1000,256,Nvidia,Windows,343.8063213
1233,Apple,Ultrabook,4,1.08,10.8414521,0,0,135.0942112,Intel Core i5,0,0,Intel,Mac,145.9017481
1234,HP,Notebook,4,2.1,10.14517176,0,0,141.2119981,Intel Core i3,1000,0,Intel,Windows,296.545196
1235,HP,Ultrabook,8,1.54,11.6709506,0,0,209.8006829,Intel Core i7,0,256,Intel,Windows,323.0930516
1236,Dell,Notebook,4,2.24,10.57814892,0,0,100.4546699,Intel Core i5,500,0,Intel,Windows,225.0184605
1237,MSI,Gaming,8,2.3,11.03946499,0,0,141.2119981,Intel Core i7,1000,128,Nvidia,Windows,324.7875956
1238,Lenovo,Notebook,16,1.4,11.28811452,0,1,165.6321181,Intel Core i7,0,512,Intel,Windows,231.8849653
1239,Lenovo,Notebook,6,2.2,10.36843246,0,0,141.2119981,AMD Processor,0,256,AMD,Windows,310.6663958
1240,Asus,Ultrabook,8,1.45,11.13017638,0,0,165.6321181,Intel Core i7,0,256,Intel,Windows,240.1665712
1241,Acer,Notebook,4,2.4,9.866652599,0,0,100.4546699,Intel Core i3,500,0,Intel,Others,241.0912077
1242,Dell,2 in 1 Convertible,16,2.77,11.47054726,1,0,127.3356746,Intel Core i7,0,512,Nvidia,Windows,352.7198186
1243,HP,Notebook,4,1.54,10.97861739,0,0,157.3505121,Intel Core i5,0,256,Intel,Windows,242.3197887
1244,Asus,Gaming,16,2.5,11.35331993,0,1,141.2119981,Intel Core i7,1000,256,Nvidia,Windows,353.0299952
1245,Dell,Notebook,4,1.6,10.74978491,0,0,111.9352036,Intel Core i5,500,0,Intel,Windows,179.0963257
1246,Asus,Gaming,16,2.34,11.72703634,0,1,141.2119981,Intel Core i7,1000,256,Nvidia,Windows,330.4360755
1247,Lenovo,Notebook,8,2.3,10.32644674,0,1,141.2119981,Intel Core i5,0,256,Intel,Others,324.7875956
1248,Dell,2 in 1 Convertible,8,1.24,11.47829924,1,0,276.0535301,Intel Core i5,0,256,Intel,Windows,342.3063773
1249,Dell,Notebook,4,2.2,9.756304542,0,0,100.4546699,Other Intel Processor,500,0,Intel,Others,221.0002737
1250,HP,Notebook,4,1.86,9.964522443,0,0,100.4546699,AMD Processor,500,0,AMD,Windows,186.8456859
1251,Lenovo,Notebook,6,2.4,10.31944146,0,0,141.2119981,Intel Core i3,0,128,Nvidia,Windows,338.9087954
1252,Lenovo,Notebook,8,1.9,10.95284237,0,1,157.3505121,Intel Core i5,0,256,Intel,Windows,298.9659731
1253,Dell,Notebook,4,2.2,10.07136307,0,0,100.4546699,Other Intel Processor,500,0,Intel,Windows,221.0002737
1254,Asus,Notebook,4,2,9.801561134,0,0,100.4546699,Other Intel Processor,1000,0,Intel,Windows,200.9093397
1255,Asus,Gaming,16,4,11.52517019,0,1,127.3356746,Intel Core i7,1000,128,Nvidia,Windows,509.3426983
1256,Dell,Notebook,4,2.29,10.16996642,0,0,100.4546699,Intel Core i3,500,0,Intel,Windows,230.041194
1257,Lenovo,Notebook,8,2.32,10.77238474,0,0,141.2119981,Intel Core i7,0,0,AMD,Windows,327.6118356
1258,MSI,Gaming,8,2.4,11.08951714,0,0,141.2119981,Intel Core i7,1000,128,Nvidia,Windows,338.9087954
1259,Lenovo,2 in 1 Convertible,4,1.8,10.70060667,1,0,157.3505121,Intel Core i5,0,128,Intel,Windows,283.2309219
1260,Asus,Ultrabook,8,1.2,10.56723476,0,1,165.6321181,Other Intel Processor,0,512,Intel,Windows,198.7585417
1261,Dell,Notebook,6,2.3,10.10461124,0,0,100.4546699,Intel Core i3,1000,0,Intel,Windows,231.0457407
1262,Acer,Notebook,4,2.4,9.641987714,0,0,100.4546699,Other Intel Processor,500,0,Intel,Others,241.0912077
1263,Dell,Notebook,2,2.2,9.913097231,0,0,100.4546699,Other Intel Processor,500,0,Intel,Windows,221.0002737
1264,Lenovo,Notebook,8,2.6,10.77684406,0,1,141.2119981,Intel Core i7,1000,0,Nvidia,Windows,367.151195
1265,HP,Notebook,6,2.04,10.28546112,0,0,141.2119981,AMD Processor,0,0,AMD,Windows,288.0724761
1266,Dell,Notebook,8,2.3,10.66763236,0,0,100.4546699,Intel Core i7,1000,0,AMD,Others,231.0457407
1267,HP,Netbook,2,1.17,9.317895278,0,0,135.0942112,Other Intel Processor,0,0,Intel,Windows,158.0602271
1268,Asus,Notebook,4,2.2,10.55525658,0,0,100.4546699,Intel Core i7,500,0,Nvidia,Windows,221.0002737
1269,Lenovo,2 in 1 Convertible,4,1.8,10.43389931,1,1,157.3505121,Intel Core i7,0,128,Intel,Windows,283.2309219
1270,Lenovo,2 in 1 Convertible,16,1.3,11.28811452,1,1,276.0535301,Intel Core i7,0,512,Intel,Windows,358.8695891
1271,Lenovo,Notebook,2,1.5,9.40928303,0,0,111.9352036,Other Intel Processor,0,0,Intel,Windows,167.9028053
1272,HP,Notebook,6,2.19,10.61412882,0,0,100.4546699,Intel Core i7,1000,0,AMD,Windows,219.995727
